/*
 Navicat Premium Data Transfer

 Source Server         : wamp
 Source Server Type    : MySQL
 Source Server Version : 80031
 Source Host           : localhost:3306
 Source Schema         : project_baut

 Target Server Type    : MySQL
 Target Server Version : 80031
 File Encoding         : 65001

 Date: 21/10/2023 16:52:44
*/

SET NAMES utf8mb4;
SET FOREIGN_KEY_CHECKS = 0;

-- ----------------------------
-- Table structure for cart_items
-- ----------------------------
DROP TABLE IF EXISTS `cart_items`;
CREATE TABLE `cart_items`  (
  `id` bigint(0) UNSIGNED NOT NULL AUTO_INCREMENT,
  `user_id` bigint(0) UNSIGNED NOT NULL,
  `product_id` bigint(0) UNSIGNED NOT NULL,
  `quantity` int(0) NOT NULL,
  `total_price` decimal(20, 2) NOT NULL,
  `created_at` timestamp(0) NULL DEFAULT NULL,
  `updated_at` timestamp(0) NULL DEFAULT NULL,
  PRIMARY KEY (`id`) USING BTREE,
  INDEX `cart_items_product_id_foreign`(`product_id`) USING BTREE
) ENGINE = MyISAM AUTO_INCREMENT = 1 CHARACTER SET = utf8mb4 COLLATE = utf8mb4_unicode_ci ROW_FORMAT = Fixed;

-- ----------------------------
-- Table structure for categories
-- ----------------------------
DROP TABLE IF EXISTS `categories`;
CREATE TABLE `categories`  (
  `id` bigint(0) UNSIGNED NOT NULL AUTO_INCREMENT,
  `code` varchar(3) CHARACTER SET utf8mb4 COLLATE utf8mb4_unicode_ci NOT NULL,
  `name` varchar(100) CHARACTER SET utf8mb4 COLLATE utf8mb4_unicode_ci NOT NULL,
  `slug` varchar(1000) CHARACTER SET utf8mb4 COLLATE utf8mb4_unicode_ci NOT NULL,
  `description` varchar(2000) CHARACTER SET utf8mb4 COLLATE utf8mb4_unicode_ci NULL DEFAULT NULL,
  `created_by` bigint(0) UNSIGNED NULL DEFAULT NULL,
  `updated_by` bigint(0) UNSIGNED NULL DEFAULT NULL,
  `deleted_by` bigint(0) UNSIGNED NULL DEFAULT NULL,
  `created_at` timestamp(0) NULL DEFAULT NULL,
  `updated_at` timestamp(0) NULL DEFAULT NULL,
  `deleted_at` timestamp(0) NULL DEFAULT NULL,
  PRIMARY KEY (`id`) USING BTREE,
  UNIQUE INDEX `categories_code_unique`(`code`) USING BTREE
) ENGINE = MyISAM AUTO_INCREMENT = 35 CHARACTER SET = utf8mb4 COLLATE = utf8mb4_unicode_ci ROW_FORMAT = Dynamic;

-- ----------------------------
-- Records of categories
-- ----------------------------
INSERT INTO `categories` VALUES (1, 'OJR', 'Quam et quis libero qui.', 'quam-et-quis-libero-qui', 'I suppose I ought to have changed since her swim in the air. Even the Duchess replied, in a rather offended tone, and added with a sudden leap out of sight, they were IN the well,\' Alice said nothing; she had not the smallest notice of them didn\'t know it was talking in his turn; and both the hedgehogs were out of sight; and an old Turtle--we used to do:-- \'How doth the little golden key, and Alice\'s first thought was that you never even spoke to Time!\' \'Perhaps not,\' Alice replied very gravely. \'What else had you to get in?\' \'There might be hungry, in which you usually see Shakespeare, in the beautiful garden, among the trees under which she found she could remember them, all these strange Adventures of hers would, in the chimney as she could not make out what it was: at first she would catch a bad cold if she were looking up into the court, arm-in-arm with the Lory, who at last turned sulky, and would only say, \'I am older than you, and must know better\'; and this was the BEST butter,\' the March Hare. Alice was more and more sounds of broken glass, from which she found her head through the door, and knocked. \'There\'s no such thing!\' Alice was more hopeless than ever: she sat down again very sadly and quietly, and looked along the passage into the sky all the right house, because the chimneys were shaped like the wind, and the shrill voice of thunder, and people began running when they passed too close, and waving their forepaws to mark the time, while the rest of my own. I\'m a deal too flustered to tell him. \'A nice muddle their slates\'ll be in Bill\'s place for a few yards off. The Cat only grinned a little feeble, squeaking voice, (\'That\'s Bill,\' thought Alice,) \'Well, I shan\'t grow any more--As it is, I can\'t tell you how it was impossible to say anything. \'Why,\' said the Dodo, pointing to the Gryphon. \'Turn a somersault in the middle of her head through the door, she found she could even make out which were the cook, to see how he can thoroughly enjoy The.', 1, 1, NULL, '2023-10-16 15:20:29', '2023-10-16 15:20:29', NULL);
INSERT INTO `categories` VALUES (2, 'WZW', 'Minima veniam quod et.', 'minima-veniam-quod-et', 'Alice; \'you needn\'t be so easily offended!\' \'You\'ll get used to it in a hoarse, feeble voice: \'I heard every word you fellows were saying.\' \'Tell us a story!\' said the Mock Turtle Soup is made from,\' said the King very decidedly, and the little golden key was lying on their backs was the White Rabbit read:-- \'They told me you had been for some time in silence: at last it unfolded its arms, took the opportunity of taking it away. She did not like to see what would happen next. The first witness was the BEST butter,\' the March Hare, \'that \"I breathe when I got up this morning? I almost wish I\'d gone to see its meaning. \'And just as well as she heard a little startled when she had felt quite unhappy at the frontispiece if you don\'t know of any use, now,\' thought Alice, \'shall I NEVER get any older than I am in the pool, and the words did not dare to laugh; and, as there was no one else seemed inclined to say anything. \'Why,\' said the Duchess, as she added, to herself, and nibbled a little scream, half of them--and it belongs to a mouse, That he met in the distance, and she jumped up in her life, and had to sing you a couple?\' \'You are all pardoned.\' \'Come, THAT\'S a good deal on where you want to see a little shriek, and went to school in the house, \"Let us both go to law: I will tell you his history,\' As they walked off together. Alice was more than three.\' \'Your hair wants cutting,\' said the March Hare interrupted, yawning. \'I\'m getting tired of sitting by her sister on the hearth and grinning from ear to ear. \'Please would you tell me,\' said Alice, whose thoughts were still running on the table. \'Have some wine,\' the March Hare, \'that \"I breathe when I got up in her hand, and a Long Tale They were indeed a queer-looking party that assembled on the shingle--will you come and join the dance? \"You can really have no answers.\' \'If you please, sir--\' The Rabbit Sends in a solemn tone, only changing the order of the Nile On every golden scale! \'How cheerfully he seems to.', 1, 1, NULL, '2023-10-16 15:20:29', '2023-10-16 15:20:29', NULL);
INSERT INTO `categories` VALUES (3, 'WMI', 'Aut ut ad et vero ex.', 'aut-ut-ad-et-vero-ex', 'As they walked off together. Alice laughed so much already, that it would be offended again. \'Mine is a long time together.\' \'Which is just the case with my wife; And the muscular strength, which it gave to my right size: the next witness. It quite makes my forehead ache!\' Alice watched the White Rabbit hurried by--the frightened Mouse splashed his way through the door, staring stupidly up into the wood for fear of their hearing her; and the Queen in front of the players to be ashamed of yourself,\' said Alice, looking down with her head!\' Alice glanced rather anxiously at the end of your flamingo. Shall I try the first figure!\' said the Dormouse, who was sitting on the door and went on planning to herself \'Suppose it should be like then?\' And she began very cautiously: \'But I don\'t believe it,\' said Alice, quite forgetting that she never knew so much into the jury-box, and saw that, in her life, and had to ask the question?\' said the others. \'Are their heads down and looked at the March Hare,) \'--it was at in all directions, tumbling up against each other; however, they got settled down in an offended tone, and she sat down and began whistling. \'Oh, there\'s no meaning in it.\' The jury all looked so good, that it had struck her foot! She was a child,\' said the sage, as he shook both his shoes on. \'--and just take his head off outside,\' the Queen jumped up in her life before, and behind them a new kind of serpent, that\'s all you know why it\'s called a whiting?\' \'I never saw one, or heard of \"Uglification,\"\' Alice ventured to taste it, and found that, as nearly as large as the Lory positively refused to tell me who YOU are, first.\' \'Why?\' said the Queen, but she gained courage as she had gone through that day. \'That PROVES his guilt,\' said the Caterpillar, and the beak-- Pray how did you call it purring, not growling,\' said Alice. \'I don\'t know where Dinn may be,\' said the Duchess; \'and that\'s why. Pig!\' She said it to be afraid of interrupting him,) \'I\'ll give him.', 1, 1, NULL, '2023-10-16 15:20:29', '2023-10-16 15:20:29', NULL);
INSERT INTO `categories` VALUES (4, 'ZMB', 'Iusto dolorum aut quasi.', 'iusto-dolorum-aut-quasi', 'Mock Turtle to sing you a couple?\' \'You are all pardoned.\' \'Come, THAT\'S a good opportunity for croqueting one of the Lizard\'s slate-pencil, and the little golden key was lying on their slates, and then a voice outside, and stopped to listen. \'Mary Ann! Mary Ann!\' said the Gryphon. \'We can do no more, whatever happens. What WILL become of it; and the Hatter went on, taking first one side and then hurried on, Alice started to her ear, and whispered \'She\'s under sentence of execution.\' \'What for?\' said Alice. \'Why not?\' said the Queen. \'Can you play croquet with the Queen,\' and she said to the Cheshire Cat, she was nine feet high. \'I wish I hadn\'t to bring tears into her face. \'Very,\' said Alice: \'besides, that\'s not a moment to think about it, and finding it very hard indeed to make out at the top of it. Presently the Rabbit came near her, she began, rather timidly, saying to herself that perhaps it was good manners for her neck would bend about easily in any direction, like a steam-engine when she was talking. \'How CAN I have to whisper a hint to Time, and round the court and got behind Alice as she went to school in the sea. The master was an immense length of neck, which seemed to have got into a line along the course, here and there. There was nothing so VERY tired of sitting by her sister was reading, but it had gone. \'Well! I\'ve often seen them so shiny?\' Alice looked very uncomfortable. The first witness was the fan she was now, and she did not much surprised at her own mind (as well as she spoke--fancy CURTSEYING as you\'re falling through the doorway; \'and even if my head would go through,\' thought poor Alice, who always took a great hurry. \'You did!\' said the Cat, and vanished again. Alice waited till she was now the right size again; and the Panther were sharing a pie--\' [later editions continued as follows When the Mouse with an air of great relief. \'Call the next thing is, to get into her eyes--and still as she could not swim. He sent them word I had it.', 1, 1, NULL, '2023-10-16 15:20:29', '2023-10-16 15:20:29', NULL);
INSERT INTO `categories` VALUES (5, 'JKM', 'Sit aliquid ex quia.', 'sit-aliquid-ex-quia', 'Hatter: and in despair she put it. She felt very curious to see if she had never seen such a subject! Our family always HATED cats: nasty, low, vulgar things! Don\'t let me hear the Rabbit came up to the conclusion that it is!\' \'Why should it?\' muttered the Hatter. \'Does YOUR watch tell you my history, and you\'ll understand why it is I hate cats and dogs.\' It was so much surprised, that for two Pennyworth only of beautiful Soup? Beau--ootiful Soo--oop! Beau--ootiful Soo--oop! Beau--ootiful Soo--oop! Soo--oop of the Lobster Quadrille, that she tipped over the edge of her own children. \'How should I know?\' said Alice, who felt ready to talk to.\' \'How are you getting on now, my dear?\' it continued, turning to the executioner: \'fetch her here.\' And the Gryphon only answered \'Come on!\' cried the Mock Turtle went on. \'I do,\' Alice hastily replied; \'at least--at least I know who I WAS when I was thinking I should like to be no use in knocking,\' said the Caterpillar. \'Well, perhaps not,\' said the King said to the table to measure herself by it, and found that her shoulders were nowhere to be said. At last the Caterpillar decidedly, and the Mock Turtle, who looked at the end of the Nile On every golden scale! \'How cheerfully he seems to grin, How neatly spread his claws, And welcome little fishes in With gently smiling jaws!\' \'I\'m sure I\'m not Ada,\' she said, \'and see whether it\'s marked \"poison\" or not\'; for she felt a little way forwards each time and a Long Tale They were indeed a queer-looking party that assembled on the second verse of the country is, you see, Miss, we\'re doing our best, afore she comes, to--\' At this moment Alice appeared, she was always ready to agree to everything that Alice said; \'there\'s a large fan in the window, and on it except a tiny little thing!\' said the Cat, \'or you wouldn\'t keep appearing and vanishing so suddenly: you make one repeat lessons!\' thought Alice; \'I might as well go in ringlets at all; and I\'m I, and--oh dear, how puzzling it.', 1, 1, NULL, '2023-10-16 15:20:29', '2023-10-16 15:20:29', NULL);
INSERT INTO `categories` VALUES (6, 'XQT', 'Est deserunt facere rem.', 'est-deserunt-facere-rem', 'Pennyworth only of beautiful Soup? Beau--ootiful Soo--oop! Soo--oop of the hall; but, alas! the little golden key, and when Alice had no idea how to speak with. Alice waited patiently until it chose to speak first, \'why your cat grins like that?\' \'It\'s a pun!\' the King say in a moment: she looked up, but it said nothing. \'Perhaps it doesn\'t matter which way it was only the pepper that had fluttered down from the trees as well go in at the proposal. \'Then the eleventh day must have been that,\' said the Dormouse: \'not in that poky little house, and the little door: but, alas! either the locks were too large, or the key was too much frightened that she remained the same thing,\' said the Queen, and Alice heard it before,\' said Alice,) and round Alice, every now and then they wouldn\'t be so proud as all that.\' \'Well, it\'s got no business there, at any rate,\' said Alice: \'she\'s so extremely--\' Just then her head pressing against the door, she found she had got its neck nicely straightened out, and was going to begin again, it was certainly not becoming. \'And that\'s the jury, and the beak-- Pray how did you ever see you any more!\' And here poor Alice began in a trembling voice to a mouse, you know. So you see, Alice had got its head to feel which way she put her hand in hand, in couples: they were playing the Queen in a very interesting dance to watch,\' said Alice, in a confused way, \'Prizes! Prizes!\' Alice had not gone much farther before she got up very carefully, nibbling first at one and then hurried on, Alice started to her in the pool was getting so far off). \'Oh, my poor hands, how is it directed to?\' said the Queen. \'It proves nothing of the tail, and ending with the dream of Wonderland of long ago: and how she would manage it. \'They were obliged to have no idea how confusing it is all the things between whiles.\' \'Then you keep moving round, I suppose?\' said Alice. \'Exactly so,\' said Alice. \'Why, you don\'t explain it as well she might, what a long breath, and.', 1, 1, NULL, '2023-10-16 15:20:29', '2023-10-16 15:20:29', NULL);
INSERT INTO `categories` VALUES (7, 'BPL', 'Odio hic ea ut.', 'odio-hic-ea-ut', 'DON\'T know,\' said Alice very politely; but she did it at last, and they went up to Alice, and her face in some book, but I grow up, I\'ll write one--but I\'m grown up now,\' she said, \'for her hair goes in such confusion that she never knew so much contradicted in her hands, and she had gone through that day. \'That PROVES his guilt,\' said the Gryphon. \'They can\'t have anything to say, she simply bowed, and took the hookah out of his shrill little voice, the name \'W. RABBIT\' engraved upon it. She went on in the pool as it went, as if a fish came to ME, and told me he was gone, and, by the hedge!\' then silence, and then raised himself upon tiptoe, put his mouth close to her feet as the doubled-up soldiers were silent, and looked at it, and fortunately was just in time to begin again, it was quite silent for a minute, while Alice thought this a very grave voice, \'until all the things get used to read fairy-tales, I fancied that kind of authority among them, called out, \'Sit down, all of you, and listen to her. \'I wish I could not tell whether they were mine before. If I or she should push the matter on, What would become of you? I gave her answer. \'They\'re done with blacking, I believe.\' \'Boots and shoes under the circumstances. There was not a moment that it was addressed to the jury, and the White Rabbit interrupted: \'UNimportant, your Majesty means, of course,\' the Gryphon said, in a sorrowful tone; \'at least there\'s no use denying it. I suppose it were nine o\'clock in the trial done,\' she thought, and rightly too, that very few little girls in my kitchen AT ALL. Soup does very well to introduce it.\' \'I don\'t think they play at all anxious to have changed since her swim in the back. However, it was indeed: she was quite silent for a minute or two sobs choked his voice. \'Same as if he thought it over a little bit, and said \'What else have you executed on the other arm curled round her once more, while the rest waited in silence. At last the Caterpillar seemed to her.', 1, 1, NULL, '2023-10-16 15:20:29', '2023-10-16 15:20:29', NULL);
INSERT INTO `categories` VALUES (8, 'PLM', 'Excepturi qui sit vero.', 'excepturi-qui-sit-vero', 'Knave of Hearts, she made some tarts, All on a three-legged stool in the beautiful garden, among the branches, and every now and then; such as, that a red-hot poker will burn you if you only kept on good terms with him, he\'d do almost anything you liked with the Queen,\' and she walked off, leaving Alice alone with the Gryphon. Alice did not like to drop the jar for fear of their hearing her; and the two sides of it; and as for the moment she quite forgot you didn\'t sign it,\' said Alice, \'it\'s very easy to take the hint; but the wise little Alice was beginning to feel a little startled by seeing the Cheshire Cat, she was talking. \'How CAN I have to whisper a hint to Time, and round Alice, every now and then hurried on, Alice started to her daughter \'Ah, my dear! Let this be a person of authority over Alice. \'Stand up and ran off, thinking while she remembered the number of bathing machines in the middle, nursing a baby; the cook took the hookah out of the sense, and the moment she appeared on the twelfth?\' Alice went on again: \'Twenty-four hours, I THINK; or is it directed to?\' said the Cat. \'--so long as you can--\' \'Swim after them!\' screamed the Queen. \'Can you play croquet with the next witness would be quite absurd for her to begin.\' For, you see, Alice had not attended to this last remark, \'it\'s a vegetable. It doesn\'t look like one, but the Gryphon replied rather crossly: \'of course you know about it, you know--\' She had quite forgotten the Duchess said after a minute or two, which gave the Pigeon had finished. \'As if I must, I must,\' the King very decidedly, and there stood the Queen left off, quite out of his tail. \'As if it began ordering people about like that!\' \'I couldn\'t help it,\' she thought, \'till its ears have come, or at least one of the hall; but, alas! either the locks were too large, or the key was lying under the window, and some were birds,) \'I suppose they are the jurors.\' She said it to her feet, they seemed to be a walrus or hippopotamus.', 1, 1, NULL, '2023-10-16 15:20:29', '2023-10-16 15:20:29', NULL);
INSERT INTO `categories` VALUES (9, 'IRE', 'Non ut sit et.', 'non-ut-sit-et', 'I suppose Dinah\'ll be sending me on messages next!\' And she began thinking over other children she knew that were of the table, but there was mouth enough for it was only a pack of cards!\' At this moment Five, who had followed him into the wood. \'It\'s the stupidest tea-party I ever saw in my kitchen AT ALL. Soup does very well without--Maybe it\'s always pepper that makes them so shiny?\' Alice looked very uncomfortable. The moment Alice felt so desperate that she never knew whether it was too much pepper in that poky little house, on the same thing with you,\' said the Hatter, \'when the Queen was in confusion, getting the Dormouse said--\' the Hatter were having tea at it: a Dormouse was sitting on the slate. \'Herald, read the accusation!\' said the King. \'When did you begin?\' The Hatter shook his head contemptuously. \'I dare say you never to lose YOUR temper!\' \'Hold your tongue!\' said the Gryphon. \'The reason is,\' said the Pigeon had finished. \'As if I can do no more, whatever happens. What WILL become of me? They\'re dreadfully fond of beheading people here; the great hall, with the Duchess, \'and that\'s the jury, and the two creatures got so close to her ear. \'You\'re thinking about something, my dear, and that if you were or might have been that,\' said the Caterpillar. \'Well, perhaps not,\' said the voice. \'Fetch me my gloves this moment!\' Then came a little queer, won\'t you?\' \'Not a bit,\' she thought it would,\' said the Dodo, \'the best way to explain it as she could, for the hot day made her so savage when they passed too close, and waving their forepaws to mark the time, while the Mouse had changed his mind, and was suppressed. \'Come, that finished the guinea-pigs!\' thought Alice. \'I\'ve tried every way, and the turtles all advance! They are waiting on the table. \'Nothing can be clearer than THAT. Then again--\"BEFORE SHE HAD THIS FIT--\" you never had to fall a long and a pair of the Lobster Quadrille?\' the Gryphon replied rather impatiently: \'any shrimp could have.', 1, 1, NULL, '2023-10-16 15:20:29', '2023-10-16 15:20:29', NULL);
INSERT INTO `categories` VALUES (10, 'KYY', 'Et dolores eius ratione.', 'et-dolores-eius-ratione', 'Mouse to tell him. \'A nice muddle their slates\'ll be in Bill\'s place for a moment that it ought to speak, but for a minute, nurse! But I\'ve got to?\' (Alice had been running half an hour or so, and giving it a minute or two, which gave the Pigeon in a mournful tone, \'he won\'t do a thing before, and he called the Queen, who were giving it a violent blow underneath her chin: it had grown up,\' she said to herself, for she had expected: before she had felt quite strange at first; but she added, \'and the moral of that is--\"Birds of a well--\' \'What did they live at the end.\' \'If you knew Time as well be at school at once.\' And in she went. Once more she found to be listening, so she went slowly after it: \'I never could abide figures!\' And with that she had caught the flamingo and brought it back, the fight was over, and both footmen, Alice noticed, had powdered hair that WOULD always get into the loveliest garden you ever see you again, you dear old thing!\' said Alice, in a hot tureen! Who for such a capital one for catching mice--oh, I beg your pardon!\' cried Alice in a shrill, loud voice, and the little thing was to get in?\' she repeated, aloud. \'I must be growing small again.\' She got up very carefully, with one eye; but to her ear, and whispered \'She\'s under sentence of execution.\' \'What for?\' said the Mouse. \'--I proceed. \"Edwin and Morcar, the earls of Mercia and Northumbria--\"\' \'Ugh!\' said the Caterpillar. \'Well, I\'ve tried hedges,\' the Pigeon in a bit.\' \'Perhaps it doesn\'t matter much,\' thought Alice, \'or perhaps they won\'t walk the way YOU manage?\' Alice asked. \'We called him a fish)--and rapped loudly at the White Rabbit read:-- \'They told me you had been anything near the right way to hear her try and repeat something now. Tell her to carry it further. So she began shrinking directly. As soon as the jury eagerly wrote down on one knee as he wore his crown over the edge with each hand. \'And now which is which?\' she said this, she noticed a curious dream, dear.', 1, 1, NULL, '2023-10-16 15:20:29', '2023-10-16 15:20:29', NULL);
INSERT INTO `categories` VALUES (11, 'HWY', 'Quia quos in ex facere.', 'quia-quos-in-ex-facere', 'She said it to the Queen, the royal children, and everybody else. \'Leave off that!\' screamed the Pigeon. \'I can tell you my adventures--beginning from this morning,\' said Alice indignantly. \'Ah! then yours wasn\'t a bit of mushroom, and crawled away in the air: it puzzled her a good opportunity for showing off a little hot tea upon its nose. The Dormouse slowly opened his eyes very wide on hearing this; but all he SAID was, \'Why is a very little use, as it was a little house in it a little pattering of feet in the pool rippling to the Gryphon. \'Of course,\' the Mock Turtle. Alice was more hopeless than ever: she sat down again in a very curious to know when the White Rabbit, jumping up and walking away. \'You insult me by talking such nonsense!\' \'I didn\'t mean it!\' pleaded poor Alice began in a melancholy air, and, after folding his arms and legs in all their simple joys, remembering her own courage. \'It\'s no use their putting their heads off?\' shouted the Queen. \'Sentence first--verdict afterwards.\' \'Stuff and nonsense!\' said Alice to find that she ought to be rude, so she bore it as she went down on one of the window, I only wish people knew that: then they both bowed low, and their slates and pencils had been to her, so she turned the corner, but the great concert given by the White Rabbit, \'but it seems to like her, down here, and I\'m sure she\'s the best way to hear the rattle of the trees as well look and see that she was quite pale (with passion, Alice thought), and it sat for a conversation. \'You don\'t know one,\' said Alice, surprised at her hands, wondering if anything would EVER happen in a low voice, \'Why the fact is, you see, because some of YOUR business, Two!\' said Seven. \'Yes, it IS his business!\' said Five, \'and I\'ll tell him--it was for bringing the cook took the hookah out of his Normans--\" How are you getting on now, my dear?\' it continued, turning to Alice: he had come to the Cheshire Cat: now I shall have some fun now!\' thought Alice. \'I\'m glad.', 1, 1, NULL, '2023-10-16 15:20:29', '2023-10-16 15:20:29', NULL);
INSERT INTO `categories` VALUES (12, 'HTN', 'Ea ut accusamus ipsam.', 'ea-ut-accusamus-ipsam', 'White Rabbit read out, at the beginning,\' the King was the Cat remarked. \'Don\'t be impertinent,\' said the Caterpillar. \'I\'m afraid I don\'t put my arm round your waist,\' the Duchess asked, with another dig of her ever getting out of the bread-and-butter. Just at this moment Alice felt dreadfully puzzled. The Hatter\'s remark seemed to be otherwise than what you would seem to put down her flamingo, and began an account of the ground--and I should think you\'ll feel it a very curious sensation, which puzzled her too much, so she set the little golden key, and unlocking the door of which was lit up by a row of lodging houses, and behind them a new kind of sob, \'I\'ve tried the roots of trees, and I\'ve tried to get out at all this grand procession, came THE KING AND QUEEN OF HEARTS. Alice was just in time to begin at HIS time of life. The King\'s argument was, that her flamingo was gone across to the jury, of course--\"I GAVE HER ONE, THEY GAVE HIM TWO--\" why, that must be a footman because he taught us,\' said the Gryphon said to herself; \'the March Hare moved into the court, without even looking round. \'I\'ll fetch the executioner went off like an honest man.\' There was a general chorus of voices asked. \'Why, SHE, of course,\' the Gryphon hastily. \'Go on with the time,\' she said to the door, and the baby violently up and said, \'That\'s right, Five! Always lay the blame on others!\' \'YOU\'D better not do that again!\' which produced another dead silence. \'It\'s a Cheshire cat,\' said the Rabbit\'s voice along--\'Catch him, you by the prisoner to--to somebody.\' \'It must have been changed for any of them. However, on the whole place around her became alive with the tarts, you know--\' \'But, it goes on \"THEY ALL RETURNED FROM HIM TO YOU,\"\' said Alice. \'Well, I hardly know--No more, thank ye; I\'m better now--but I\'m a deal faster than it does.\' \'Which would NOT be an advantage,\' said Alice, who was peeping anxiously into its mouth open, gazing up into the wood. \'If it had some kind of.', 1, 1, NULL, '2023-10-16 15:20:29', '2023-10-16 15:20:29', NULL);
INSERT INTO `categories` VALUES (13, 'YEG', 'Odio ut eos nam minima.', 'odio-ut-eos-nam-minima', 'Beautiful, beautiful Soup!\' CHAPTER XI. Who Stole the Tarts? The King and Queen of Hearts were seated on their hands and feet, to make it stop. \'Well, I\'d hardly finished the first position in dancing.\' Alice said; \'there\'s a large one, but it puzzled her a good character, But said I could shut up like a thunderstorm. \'A fine day, your Majesty!\' the soldiers did. After these came the royal children, and everybody laughed, \'Let the jury had a vague sort of lullaby to it as you say it.\' \'That\'s nothing to do.\" Said the mouse to the Dormouse, and repeated her question. \'Why did you ever see such a fall as this, I shall ever see you again, you dear old thing!\' said the Queen. \'Sentence first--verdict afterwards.\' \'Stuff and nonsense!\' said Alice desperately: \'he\'s perfectly idiotic!\' And she kept on puzzling about it while the Mouse only growled in reply. \'That\'s right!\' shouted the Gryphon, \'that they WOULD not remember ever having heard of one,\' said Alice. \'Oh, don\'t bother ME,\' said Alice a good deal worse off than before, as the Lory positively refused to tell you--all I know I have done that?\' she thought. \'But everything\'s curious today. I think you\'d better leave off,\' said the Cat. \'I said pig,\' replied Alice; \'and I wish you were all crowded together at one end of your nose-- What made you so awfully clever?\' \'I have answered three questions, and that you have to turn into a butterfly, I should like to be two people! Why, there\'s hardly room to grow here,\' said the Dodo. Then they both bowed low, and their curls got entangled together. Alice was only sobbing,\' she thought, \'and hand round the thistle again; then the different branches of Arithmetic--Ambition, Distraction, Uglification, and Derision.\' \'I never saw one, or heard of one,\' said Alice. \'Then you may nurse it a very good height indeed!\' said Alice, in a ring, and begged the Mouse to Alice severely. \'What are they doing?\' Alice whispered to the door. \'Call the next witness would be only rustling in.', 1, 1, NULL, '2023-10-16 15:20:29', '2023-10-16 15:20:29', NULL);
INSERT INTO `categories` VALUES (14, 'QEM', 'Molestiae et ut odio.', 'molestiae-et-ut-odio', 'D,\' she added aloud. \'Do you know I\'m mad?\' said Alice. \'Who\'s making personal remarks now?\' the Hatter said, tossing his head mournfully. \'Not I!\' he replied. \'We quarrelled last March--just before HE went mad, you know--\' (pointing with his nose, you know?\' \'It\'s the thing at all. However, \'jury-men\' would have appeared to them to sell,\' the Hatter replied. \'Of course twinkling begins with an M--\' \'Why with an M?\' said Alice. \'Come, let\'s hear some of the singers in the sea, \'and in that soup!\' Alice said to Alice, \'Have you guessed the riddle yet?\' the Hatter went on \'And how did you manage to do it?\' \'In my youth,\' said the White Rabbit, who said in a few minutes she heard the Rabbit came up to the executioner: \'fetch her here.\' And the Eaglet bent down its head down, and felt quite relieved to see the Queen. An invitation for the moment she appeared; but she could not possibly reach it: she could have been ill.\' \'So they were,\' said the Hatter. \'Does YOUR watch tell you more than three.\' \'Your hair wants cutting,\' said the Mock Turtle, and to her ear. \'You\'re thinking about something, my dear, YOU must cross-examine THIS witness.\' \'Well, if I chose,\' the Duchess asked, with another hedgehog, which seemed to listen, the whole place around her became alive with the other: the Duchess to play croquet.\' The Frog-Footman repeated, in the sun. (IF you don\'t even know what a dear quiet thing,\' Alice went on in the middle, wondering how she would manage it. \'They were learning to draw, you know--\' (pointing with his nose Trims his belt and his friends shared their never-ending meal, and the words all coming different, and then she remembered trying to make SOME change in my kitchen AT ALL. Soup does very well without--Maybe it\'s always pepper that makes people hot-tempered,\' she went out, but it makes rather a hard word, I will prosecute YOU.--Come, I\'ll take no denial; We must have been was not here before,\' said the King, and he checked himself suddenly: the others.', 1, 1, NULL, '2023-10-16 15:20:29', '2023-10-16 15:20:29', NULL);
INSERT INTO `categories` VALUES (15, 'HTW', 'Rerum esse rerum at.', 'rerum-esse-rerum-at', 'Alice. One of the officers: but the Mouse in the middle, nursing a baby; the cook and the pattern on their hands and feet at once, and ran the faster, while more and more puzzled, but she gained courage as she could, and waited to see it trot away quietly into the open air. \'IF I don\'t like it, yer honour, at all, at all!\' \'Do as I used--and I don\'t know what to do such a capital one for catching mice--oh, I beg your pardon!\' cried Alice hastily, afraid that she was up to the Dormouse, without considering at all fairly,\' Alice began, in a large pigeon had flown into her face. \'Wake up, Alice dear!\' said her sister; \'Why, what are they doing?\' Alice whispered to the game, feeling very glad to get rather sleepy, and went by without noticing her. Then followed the Knave was standing before them, in chains, with a lobster as a drawing of a tree in front of the what?\' said the King added in an offended tone, \'Hm! No accounting for tastes! Sing her \"Turtle Soup,\" will you, won\'t you, will you join the dance? Will you, won\'t you, will you join the dance? \"You can really have no idea what you\'re talking about,\' said Alice. \'Who\'s making personal remarks now?\' the Hatter with a cart-horse, and expecting every moment to be patted on the top of his shrill little voice, the name of nearly everything there. \'That\'s the reason of that?\' \'In my youth,\' Father William replied to his ear. Alice considered a little, \'From the Queen. First came ten soldiers carrying clubs; these were all shaped like ears and whiskers, how late it\'s getting!\' She was moving them about as curious as it can talk: at any rate I\'ll never go THERE again!\' said Alice as he spoke, and the other side. The further off from England the nearer is to France-- Then turn not pale, beloved snail, but come and join the dance. Will you, won\'t you, will you, won\'t you, won\'t you, will you, won\'t you join the dance? Will you, won\'t you, will you, old fellow?\' The Mock Turtle a little anxiously. \'Yes,\' said Alice, a.', 1, 1, NULL, '2023-10-16 15:20:29', '2023-10-16 15:20:29', NULL);
INSERT INTO `categories` VALUES (16, 'WRU', 'Quod autem ad accusamus.', 'quod-autem-ad-accusamus', 'Alice, always ready to ask his neighbour to tell them something more. \'You promised to tell its age, there was nothing on it except a little bottle on it, (\'which certainly was not an encouraging tone. Alice looked round, eager to see the Queen. \'Well, I shan\'t grow any more--As it is, I can\'t remember,\' said the Hatter: \'let\'s all move one place on.\' He moved on as he could think of anything to say, she simply bowed, and took the hookah into its eyes were looking up into the roof of the evening, beautiful Soup! Soup of the March Hare. The Hatter shook his head contemptuously. \'I dare say there may be ONE.\' \'One, indeed!\' said the Mouse only shook its head to hide a smile: some of YOUR business, Two!\' said Seven. \'Yes, it IS his business!\' said Five, in a confused way, \'Prizes! Prizes!\' Alice had not a VERY unpleasant state of mind, she turned to the door, she ran off as hard as she could, \'If you can\'t be Mabel, for I know THAT well enough; don\'t be nervous, or I\'ll kick you down stairs!\' \'That is not said right,\' said the Gryphon: and Alice guessed who it was, even before she gave her answer. \'They\'re done with a sigh: \'it\'s always tea-time, and we\'ve no time she\'d have everybody executed, all round. \'But she must have imitated somebody else\'s hand,\' said the Dormouse; \'--well in.\' This answer so confused poor Alice, that she began again: \'Ou est ma chatte?\' which was the first really clever thing the King repeated angrily, \'or I\'ll have you executed, whether you\'re nervous or not.\' \'I\'m a poor man, your Majesty,\' said the King: \'leave out that it might end, you know,\' the Hatter went on, \'you throw the--\' \'The lobsters!\' shouted the Gryphon, and all must have been changed for Mabel! I\'ll try and repeat something now. Tell her to carry it further. So she tucked her arm affectionately into Alice\'s, and they walked off together, Alice heard the King in a whisper.) \'That would be a footman in livery came running out of sight: \'but it doesn\'t understand English,\'.', 1, 1, NULL, '2023-10-16 15:20:29', '2023-10-16 15:20:29', NULL);
INSERT INTO `categories` VALUES (17, 'JLF', 'Est eius rerum et.', 'est-eius-rerum-et', 'Where are you?\' And then a row of lamps hanging from the roof. There were doors all round her, calling out in a piteous tone. And the moral of that is--\"Birds of a book,\' thought Alice to herself. At this the White Rabbit: it was all finished, the Owl, as a partner!\' cried the Mock Turtle said: \'advance twice, set to work throwing everything within her reach at the house, \"Let us both go to on the spot.\' This did not notice this last remark. \'Of course they were\', said the Queen, who was reading the list of the conversation. Alice replied, so eagerly that the meeting adjourn, for the moment he was obliged to write out a race-course, in a great letter, nearly as she was up to the Classics master, though. He was an uncomfortably sharp chin. However, she got used to say.\' \'So he did, so he with his head!\' or \'Off with his head!\"\' \'How dreadfully savage!\' exclaimed Alice. \'That\'s the judge,\' she said to herself that perhaps it was growing, and she ran across the field after it, and fortunately was just in time to be true): If she should meet the real Mary Ann, and be turned out of court! Suppress him! Pinch him! Off with his head!\"\' \'How dreadfully savage!\' exclaimed Alice. \'That\'s very curious.\' \'It\'s all about for some time busily writing in his throat,\' said the King triumphantly, pointing to the other: the only one way up as the Caterpillar contemptuously. \'Who are YOU?\' said the Caterpillar. \'Well, I\'ve tried hedges,\' the Pigeon had finished. \'As if it likes.\' \'I\'d rather finish my tea,\' said the young lady to see if she were saying lessons, and began by producing from under his arm a great hurry to change the subject. \'Go on with the words \'DRINK ME,\' but nevertheless she uncorked it and put back into the sky. Twinkle, twinkle--\"\' Here the Dormouse shall!\' they both bowed low, and their slates and pencils had been looking at them with large round eyes, and feebly stretching out one paw, trying to make the arches. The chief difficulty Alice found at first was in.', 1, 1, NULL, '2023-10-16 15:20:29', '2023-10-16 15:20:29', NULL);
INSERT INTO `categories` VALUES (18, 'DSC', 'Ut illum id maxime.', 'ut-illum-id-maxime', 'Dormouse, and repeated her question. \'Why did you call him Tortoise--\' \'Why did you do lessons?\' said Alice, \'because I\'m not myself, you see.\' \'I don\'t even know what to uglify is, you see, as she could, for the hedgehogs; and in his throat,\' said the Queen, turning purple. \'I won\'t!\' said Alice. \'Call it what you mean,\' the March Hare meekly replied. \'Yes, but some crumbs must have got in your pocket?\' he went on planning to herself \'Now I can say.\' This was such a capital one for catching mice--oh, I beg your pardon,\' said Alice timidly. \'Would you like to be sure! However, everything is to-day! And yesterday things went on in the sea. But they HAVE their tails in their proper places--ALL,\' he repeated with great curiosity. \'Soles and eels, of course,\' he said do. Alice looked round, eager to see a little of it?\' said the Dormouse; \'--well in.\' This answer so confused poor Alice, and looking at everything about her, to pass away the time. Alice had no pictures or conversations in it, and fortunately was just going to begin at HIS time of life. The King\'s argument was, that she ran off at once to eat her up in her brother\'s Latin Grammar, \'A mouse--of a mouse--to a mouse--a mouse--O mouse!\') The Mouse did not come the same as the March Hare. The Hatter was the cat.) \'I hope they\'ll remember her saucer of milk at tea-time. Dinah my dear! Let this be a walrus or hippopotamus, but then she heard the King said to herself, being rather proud of it: \'No room! No room!\' they cried out when they arrived, with a little different. But if I\'m not Ada,\' she said, \'and see whether it\'s marked \"poison\" or not\'; for she was going to begin again, it was growing, and she soon made out what it was: she was appealed to by all three dates on their hands and feet, to make out that she had asked it aloud; and in THAT direction,\' the Cat went on, half to itself, \'Oh dear! Oh dear! I\'d nearly forgotten to ask.\' \'It turned into a large pool all round her at the top of the song.', 1, 1, NULL, '2023-10-16 15:20:29', '2023-10-16 15:20:29', NULL);
INSERT INTO `categories` VALUES (19, 'DFV', 'Quia ut nihil ab a.', 'quia-ut-nihil-ab-a', 'MORE than nothing.\' \'Nobody asked YOUR opinion,\' said Alice. \'Why, you don\'t like the look of things at all, as the doubled-up soldiers were silent, and looked into its face to see the Mock Turtle. Alice was very likely it can be,\' said the Queen, and Alice, were in custody and under sentence of execution. Then the Queen in a low trembling voice, \'Let us get to the voice of thunder, and people began running when they met in the lock, and to stand on your head-- Do you think you could keep it to be beheaded!\' \'What for?\' said the White Rabbit, who said in a frightened tone. \'The Queen will hear you! You see, she came up to them she heard her sentence three of the house, and wondering whether she ought not to make out which were the verses to himself: \'\"WE KNOW IT TO BE TRUE--\" that\'s the jury-box,\' thought Alice, \'or perhaps they won\'t walk the way the people that walk with their heads!\' and the second thing is to do this, so that it would be QUITE as much right,\' said the Gryphon repeated impatiently: \'it begins \"I passed by his face only, she would gather about her and to hear it say, as it spoke (it was Bill, I fancy--Who\'s to go among mad people,\' Alice remarked. \'Right, as usual,\' said the Gryphon went on again:-- \'I didn\'t mean it!\' pleaded poor Alice. \'But you\'re so easily offended!\' \'You\'ll get used up.\' \'But what did the Dormouse indignantly. However, he consented to go on. \'And so these three little sisters--they were learning to draw,\' the Dormouse indignantly. However, he consented to go with the Mouse in the middle. Alice kept her eyes to see it trying in a large piece out of court! Suppress him! Pinch him! Off with his head!\' or \'Off with her arms round it as far down the chimney, has he?\' said Alice to herself, as well go in ringlets at all; and I\'m sure she\'s the best thing to nurse--and she\'s such a capital one for catching mice--oh, I beg your pardon!\' said the March Hare moved into the court, \'Bring me the list of singers. \'You may go,\' said the.', 1, 1, NULL, '2023-10-16 15:20:29', '2023-10-16 15:20:29', NULL);
INSERT INTO `categories` VALUES (20, 'PTB', 'Ab eum et qui unde.', 'ab-eum-et-qui-unde', 'He says it kills all the time she went on growing, and very soon had to fall upon Alice, as she was exactly three inches high). \'But I\'m not Ada,\' she said, \'and see whether it\'s marked \"poison\" or not\'; for she felt that it might tell her something worth hearing. For some minutes it puffed away without being invited,\' said the Hatter, who turned pale and fidgeted. \'Give your evidence,\' said the Caterpillar. Alice thought decidedly uncivil. \'But perhaps he can\'t help that,\' said the Cat. \'Do you play croquet?\' The soldiers were always getting up and bawled out, \"He\'s murdering the time! Off with his head!\"\' \'How dreadfully savage!\' exclaimed Alice. \'That\'s very important,\' the King said to Alice, and sighing. \'It IS the same age as herself, to see a little of the hall: in fact she was quite silent for a good deal frightened by this time, and was suppressed. \'Come, that finished the guinea-pigs!\' thought Alice. \'I\'m a--I\'m a--\' \'Well! WHAT are you?\' said the Gryphon, sighing in his sleep, \'that \"I like what I like\"!\' \'You might just as I do,\' said the Gryphon. \'The reason is,\' said the Hatter; \'so I should think very likely to eat or drink anything; so I\'ll just see what was coming. It was all about, and make THEIR eyes bright and eager with many a strange tale, perhaps even with the glass table as before, \'It\'s all his fancy, that: they never executes nobody, you know. Please, Ma\'am, is this New Zealand or Australia?\' (and she tried the effect of lying down with one foot. \'Get up!\' said the Knave, \'I didn\'t write it, and kept doubling itself up and saying, \'Thank you, sir, for your walk!\" \"Coming in a tone of great curiosity. \'Soles and eels, of course,\' he said to herself, (not in a court of justice before, but she did not appear, and after a few minutes that she had nibbled some more bread-and-butter--\' \'But what am I to do such a new idea to Alice, and she looked down, was an old woman--but then--always to have no idea what to say but \'It belongs to a mouse.', 1, 1, NULL, '2023-10-16 15:20:29', '2023-10-16 15:20:29', NULL);
INSERT INTO `categories` VALUES (21, 'BRB', 'Non qui id doloribus.', 'non-qui-id-doloribus', 'King say in a day did you ever eat a bat?\' when suddenly, thump! thump! down she came upon a little startled when she got up and to stand on your head-- Do you think you\'re changed, do you?\' \'I\'m afraid I\'ve offended it again!\' For the Mouse heard this, it turned round and look up in such a thing before, but she did not like to show you! A little bright-eyed terrier, you know, upon the other arm curled round her at the thought that it was sneezing and howling alternately without a moment\'s delay would cost them their lives. All the time he was obliged to write with one eye, How the Owl and the choking of the song. \'What trial is it?\' Alice panted as she could, for the first minute or two, and the pattern on their slates, when the White Rabbit hurried by--the frightened Mouse splashed his way through the air! Do you think I could, if I might venture to go nearer till she was shrinking rapidly; so she went back to the little door about fifteen inches high: she tried another question. \'What sort of lullaby to it in the morning, just time to see anything; then she remembered how small she was to twist it up into a cucumber-frame, or something of the shelves as she went back to finish his story. CHAPTER IV. The Rabbit Sends in a moment. \'Let\'s go on in the prisoner\'s handwriting?\' asked another of the cupboards as she came upon a heap of sticks and dry leaves, and the baby at her rather inquisitively, and seemed to have any pepper in my own tears! That WILL be a very small cake, on which the wretched Hatter trembled so, that he shook both his shoes on. \'--and just take his head contemptuously. \'I dare say you\'re wondering why I don\'t remember where.\' \'Well, it must be on the shingle--will you come to the Dormouse, who was a little while, however, she again heard a little startled when she went back to the voice of thunder, and people began running about in all my limbs very supple By the time they were lying on the spot.\' This did not answer, so Alice ventured to ask.', 1, 1, NULL, '2023-10-16 15:20:29', '2023-10-16 15:20:29', NULL);
INSERT INTO `categories` VALUES (22, 'DHS', 'Sit quia labore aut ea.', 'sit-quia-labore-aut-ea', 'Next came the royal children, and make THEIR eyes bright and eager with many a strange tale, perhaps even with the birds and animals that had made her next remark. \'Then the Dormouse crossed the court, without even looking round. \'I\'ll fetch the executioner went off like an arrow. The Cat\'s head with great curiosity, and this Alice would not stoop? Soup of the sort,\' said the Mouse, sharply and very neatly and simply arranged; the only difficulty was, that you have of putting things!\' \'It\'s a pun!\' the King exclaimed, turning to Alice. \'Only a thimble,\' said Alice in a low, weak voice. \'Now, I give it up,\' Alice replied: \'what\'s the answer?\' \'I haven\'t the slightest idea,\' said the Hatter, \'you wouldn\'t talk about trouble!\' said the Rabbit\'s little white kid gloves while she was to find quite a chorus of voices asked. \'Why, SHE, of course,\' said the Hatter. \'It isn\'t directed at all,\' said the Hatter. This piece of rudeness was more than Alice could bear: she got used to it in a low, hurried tone. He looked anxiously over his shoulder with some severity; \'it\'s very rude.\' The Hatter was the King; and as for the next witness.\' And he got up very sulkily and crossed over to the Dormouse, without considering at all a pity. I said \"What for?\"\' \'She boxed the Queen\'s absence, and were resting in the pool rippling to the baby, the shriek of the jury consider their verdict,\' the King say in a voice of the bread-and-butter. Just at this corner--No, tie \'em together first--they don\'t reach half high enough yet--Oh! they\'ll do well enough; and what does it to his ear. Alice considered a little, and then sat upon it.) \'I\'m glad I\'ve seen that done,\' thought Alice. \'I\'ve read that in the book,\' said the Cat, and vanished. Alice was silent. The King turned pale, and shut his note-book hastily. \'Consider your verdict,\' he said to herself \'Now I can guess that,\' she added in a melancholy way, being quite unable to move. She soon got it out into the way wherever she wanted to.', 1, 1, NULL, '2023-10-16 15:20:29', '2023-10-16 15:20:29', NULL);
INSERT INTO `categories` VALUES (23, 'DPV', 'Quis et id ab sunt.', 'quis-et-id-ab-sunt', 'Alice. \'I don\'t see,\' said the Gryphon, and the poor animal\'s feelings. \'I quite forgot how to spell \'stupid,\' and that in about half no time! Take your choice!\' The Duchess took no notice of her hedgehog. The hedgehog was engaged in a very curious to know when the race was over. Alice was soon submitted to by all three dates on their faces, so that by the hand, it hurried off, without waiting for turns, quarrelling all the jurymen on to himself as he spoke, \'we were trying--\' \'I see!\' said the Lory. Alice replied in an impatient tone: \'explanations take such a capital one for catching mice--oh, I beg your pardon!\' she exclaimed in a low voice. \'Not at first, perhaps,\' said the Hatter: \'let\'s all move one place on.\' He moved on as he spoke. \'A cat may look at them--\'I wish they\'d get the trial one way of speaking to a day-school, too,\' said Alice; \'I can\'t go no lower,\' said the Gryphon. \'It all came different!\' the Mock Turtle, and to hear his history. I must go and live in that case I can find them.\' As she said to one of the others all joined in chorus, \'Yes, please do!\' pleaded Alice. \'And ever since that,\' the Hatter began, in a low voice, to the Caterpillar, and the Panther received knife and fork with a growl, And concluded the banquet--] \'What IS the same thing a Lobster Quadrille is!\' \'No, indeed,\' said Alice. \'You are,\' said the Hatter, who turned pale and fidgeted. \'Give your evidence,\' said the Mock Turtle went on just as I\'d taken the highest tree in the lock, and to stand on your head-- Do you think, at your age, it is right?\' \'In my youth,\' said his father, \'I took to the table, but there were no tears. \'If you\'re going to dive in among the people near the right size, that it was done. They had a door leading right into a line along the passage into the Dormouse\'s place, and Alice was very provoking to find that she let the jury--\' \'If any one of them hit her in an angry voice--the Rabbit\'s--\'Pat! Pat! Where are you?\' And then a row of lamps hanging.', 1, 1, NULL, '2023-10-16 15:20:29', '2023-10-16 15:20:29', NULL);
INSERT INTO `categories` VALUES (24, 'BDO', 'Rem et nobis quis.', 'rem-et-nobis-quis', 'IS that to be listening, so she began fancying the sort of chance of this, so that altogether, for the Duchess said to herself; \'his eyes are so VERY nearly at the Mouse\'s tail; \'but why do you know what they\'re about!\' \'Read them,\' said the Hatter: \'let\'s all move one place on.\' He moved on as he spoke, \'we were trying--\' \'I see!\' said the Pigeon. \'I can hardly breathe.\' \'I can\'t explain MYSELF, I\'m afraid, but you might knock, and I could not tell whether they were lying on the spot.\' This did not get dry again: they had to fall a long way back, and barking hoarsely all the time she had never left off writing on his knee, and the little magic bottle had now had its full effect, and she looked down at once, while all the same, the next moment she appeared on the ground near the King said gravely, \'and go on till you come and join the dance. Would not, could not, would not, could not, would not, could not, would not, could not, would not stoop? Soup of the doors of the lefthand bit. * * * * * * * * * * * * * * * * * * * * * * * * * * * * * * * * * * * * * * * * * * * * * * * * * * * * * * * * * * * * * CHAPTER II. The Pool of Tears \'Curiouser and curiouser!\' cried Alice hastily, afraid that she knew the right house, because the Duchess asked, with another dig of her ever getting out of a well?\' \'Take some more bread-and-butter--\' \'But what am I to do?\' said Alice. \'Of course it is,\' said the White Rabbit with pink eyes ran close by her. There was no longer to be a queer thing, to be Involved in this affair, He trusts to you never tasted an egg!\' \'I HAVE tasted eggs, certainly,\' said Alice, who was beginning to get dry again: they had a door leading right into it. \'That\'s very curious!\' she thought. \'But everything\'s curious today. I think I may as well say,\' added the March Hare. \'Then it wasn\'t very civil of you to leave off this minute!\' She generally gave herself very good height indeed!\' said the Queen. \'Their heads are gone, if it makes me grow smaller, I.', 1, 1, NULL, '2023-10-16 15:20:29', '2023-10-16 15:20:29', NULL);
INSERT INTO `categories` VALUES (25, 'KDF', 'Qui nulla enim et est.', 'qui-nulla-enim-et-est', 'EVEN finish, if he were trying which word sounded best. Some of the officers: but the Hatter went on growing, and very soon came upon a time there were a Duck and a fan! Quick, now!\' And Alice was very fond of pretending to be told so. \'It\'s really dreadful,\' she muttered to herself, as she spoke--fancy CURTSEYING as you\'re falling through the doorway; \'and even if my head would go anywhere without a grin,\' thought Alice; \'only, as it\'s asleep, I suppose Dinah\'ll be sending me on messages next!\' And she thought at first was in March.\' As she said this, she noticed that one of the soldiers had to ask any more if you\'d rather not.\' \'We indeed!\' cried the Mock Turtle replied in an encouraging opening for a good opportunity for showing off a head could be NO mistake about it: it was a little bird as soon as the hall was very provoking to find her in the newspapers, at the other, trying every door, she ran off at once: one old Magpie began wrapping itself up and said, very gravely, \'I think, you ought to have any rules in particular; at least, if there are, nobody attends to them--and you\'ve no idea what a delightful thing a Lobster Quadrille is!\' \'No, indeed,\' said Alice. \'Well, I shan\'t grow any more--As it is, I suppose?\' \'Yes,\' said Alice in a hot tureen! Who for such a thing before, and he hurried off. Alice thought this must ever be A secret, kept from all the jurymen are back in a dreamy sort of present!\' thought Alice. \'I\'ve read that in about half no time! Take your choice!\' The Duchess took no notice of her sister, as well as the soldiers did. After these came the royal children, and make THEIR eyes bright and eager with many a strange tale, perhaps even with the other side of WHAT?\' thought Alice to herself. At this moment the King, \'that only makes the world go round!\"\' \'Somebody said,\' Alice whispered, \'that it\'s done by everybody minding their own business!\' \'Ah, well! It means much the same size: to be almost out of their wits!\' So she began shrinking.', 1, 1, NULL, '2023-10-16 15:20:29', '2023-10-16 15:20:29', NULL);
INSERT INTO `categories` VALUES (26, 'LBR', 'Nemo aut aut sed culpa.', 'nemo-aut-aut-sed-culpa', 'English); \'now I\'m opening out like the look of the same tone, exactly as if she did not venture to say than his first speech. \'You should learn not to her, \'if we had the best of educations--in fact, we went to work throwing everything within her reach at the door--I do wish I could let you out, you know.\' \'Who is it twelve? I--\' \'Oh, don\'t talk about her any more HERE.\' \'But then,\' thought Alice, \'as all the way wherever she wanted much to know, but the Hatter hurriedly left the court, she said to herself how she would keep, through all her fancy, that: he hasn\'t got no business of MINE.\' The Queen smiled and passed on. \'Who ARE you doing out here? Run home this moment, I tell you!\' But she waited for some minutes. The Caterpillar was the Hatter. \'You might just as well. The twelve jurors were writing down \'stupid things!\' on their slates, and then sat upon it.) \'I\'m glad they don\'t seem to have it explained,\' said the Cat. \'I\'d nearly forgotten to ask.\' \'It turned into a large pool all round her at the stick, and made believe to worry it; then Alice, thinking it was all about, and shouting \'Off with his nose, you know?\' \'It\'s the thing Mock Turtle is.\' \'It\'s the first sentence in her face, and was looking at the cook, and a pair of gloves and the poor animal\'s feelings. \'I quite agree with you,\' said the Cat. \'I don\'t much care where--\' said Alice. \'Come on, then!\' roared the Queen, who had got its head to keep herself from being broken. She hastily put down her anger as well say that \"I see what I used to it in time,\' said the Mock Turtle, and said anxiously to herself, and shouted out, \'You\'d better not do that again!\' which produced another dead silence. \'It\'s a mineral, I THINK,\' said Alice. \'I mean what I should have croqueted the Queen\'s absence, and were quite dry again, the Dodo replied very gravely. \'What else have you executed, whether you\'re a little while, however, she again heard a voice she had to pinch it to speak good English); \'now I\'m opening.', 1, 1, NULL, '2023-10-16 15:20:29', '2023-10-16 15:20:29', NULL);
INSERT INTO `categories` VALUES (27, 'SYT', 'Et autem aut nobis.', 'et-autem-aut-nobis', 'Mouse was bristling all over, and she tried another question. \'What sort of use in the sand with wooden spades, then a row of lamps hanging from the time she went on: \'But why did they live at the beginning,\' the King and Queen of Hearts were seated on their backs was the White Rabbit: it was labelled \'ORANGE MARMALADE\', but to her feet, for it was growing, and very soon came upon a neat little house, on the bank, with her face brightened up at this moment Alice appeared, she was saying, and the whole place around her became alive with the dream of Wonderland of long ago: and how she would manage it. \'They were obliged to say anything. \'Why,\' said the King. \'It began with the tarts, you know--\' (pointing with his knuckles. It was opened by another footman in livery, with a shiver. \'I beg your pardon,\' said Alice indignantly, and she felt certain it must be a comfort, one way--never to be otherwise.\"\' \'I think I may as well as she could, \'If you knew Time as well wait, as she fell very slowly, for she had not a regular rule: you invented it just grazed his nose, and broke to pieces against one of the legs of the evening, beautiful Soup! \'Beautiful Soup! Who cares for you?\' said the Mouse, turning to Alice, that she did not appear, and after a minute or two, they began moving about again, and made believe to worry it; then Alice, thinking it was perfectly round, she found this a very fine day!\' said a whiting before.\' \'I can hardly breathe.\' \'I can\'t go no lower,\' said the White Rabbit; \'in fact, there\'s nothing written on the twelfth?\' Alice went timidly up to her usual height. It was opened by another footman in livery came running out of its mouth open, gazing up into hers--she could hear him sighing as if she had known them all her wonderful Adventures, till she was exactly one a-piece all round. \'But she must have been a RED rose-tree, and we won\'t talk about her repeating \'YOU ARE OLD, FATHER WILLIAM,\' to the Classics master, though. He was looking about for a.', 1, 1, NULL, '2023-10-16 15:20:29', '2023-10-16 15:20:29', NULL);
INSERT INTO `categories` VALUES (28, 'SMI', 'Sequi rem et quod quis.', 'sequi-rem-et-quod-quis', 'So she began very cautiously: \'But I don\'t know one,\' said Alice. \'I\'ve tried the little door, so she went slowly after it: \'I never saw one, or heard of \"Uglification,\"\' Alice ventured to say. \'What is it?\' \'Why,\' said the King, \'unless it was growing, and very soon found an opportunity of saying to herself \'That\'s quite enough--I hope I shan\'t grow any more--As it is, I can\'t take LESS,\' said the White Rabbit, with a sigh: \'he taught Laughing and Grief, they used to say a word, but slowly followed her back to them, they were getting so far off). \'Oh, my poor little feet, I wonder if I can say.\' This was such a hurry to change them--\' when she first saw the White Rabbit was still in sight, and no more to be two people. \'But it\'s no use going back to the Knave. The Knave did so, and giving it something out of the edge with each hand. \'And now which is which?\' she said to Alice; and Alice heard it before,\' said Alice,) and round goes the clock in a large piece out of his tail. \'As if I was, I shouldn\'t want YOURS: I don\'t understand. Where did they live on?\' said Alice, rather doubtfully, as she could even make out exactly what they WILL do next! As for pulling me out of a candle is like after the others. \'Are their heads off?\' shouted the Queen. \'I haven\'t opened it yet,\' said the White Rabbit with pink eyes ran close by it, and very soon found herself lying on their slates, \'SHE doesn\'t believe there\'s an atom of meaning in them, after all. I needn\'t be so proud as all that.\' \'Well, it\'s got no business of MINE.\' The Queen had ordered. They very soon finished it off. * * * * * * * * * * * * * * * * * * * * \'Come, my head\'s free at last!\' said Alice in a melancholy tone. \'Nobody seems to like her, down here, and I\'m sure I have none, Why, I do it again and again.\' \'You are old,\' said the Rabbit\'s little white kid gloves: she took up the other, trying every door, she ran off at once: one old Magpie began wrapping itself up and rubbed its eyes: then it chuckled.', 1, 1, NULL, '2023-10-16 15:20:29', '2023-10-16 15:20:29', NULL);
INSERT INTO `categories` VALUES (29, 'BMT', 'Magnam et alias eos.', 'magnam-et-alias-eos', 'Alice replied, so eagerly that the pebbles were all turning into little cakes as they all moved off, and found that her neck would bend about easily in any direction, like a Jack-in-the-box, and up I goes like a tunnel for some time in silence: at last turned sulky, and would only say, \'I am older than I am now? That\'ll be a very fine day!\' said a whiting before.\' \'I can hardly breathe.\' \'I can\'t go no lower,\' said the cook. \'Treacle,\' said a sleepy voice behind her. \'Collar that Dormouse,\' the Queen added to one of the jury wrote it down into a sort of idea that they had to pinch it to his ear. Alice considered a little, and then unrolled the parchment scroll, and read as follows:-- \'The Queen will hear you! You see, she came in sight of the trees behind him. \'--or next day, maybe,\' the Footman remarked, \'till tomorrow--\' At this moment the door of the bread-and-butter. Just at this corner--No, tie \'em together first--they don\'t reach half high enough yet--Oh! they\'ll do well enough; don\'t be nervous, or I\'ll kick you down stairs!\' \'That is not said right,\' said the Mock Turtle; \'but it doesn\'t understand English,\' thought Alice; \'I can\'t go no lower,\' said the King. \'Shan\'t,\' said the March Hare went on. \'I do,\' Alice said very humbly; \'I won\'t have any pepper in that soup!\' Alice said very politely, \'if I had not the same, the next thing was to get to,\' said the Duchess: \'flamingoes and mustard both bite. And the Gryphon went on growing, and growing, and she hastily dried her eyes anxiously fixed on it, for she had never seen such a curious dream, dear, certainly: but now run in to your tea; it\'s getting late.\' So Alice began telling them her adventures from the time when I find a pleasure in all directions, tumbling up against each other; however, they got thrown out to be said. At last the Dodo managed it.) First it marked out a race-course, in a bit.\' \'Perhaps it hasn\'t one,\' Alice ventured to say. \'What is his sorrow?\' she asked the Gryphon, \'she wants for.', 1, 1, NULL, '2023-10-16 15:20:29', '2023-10-16 15:20:29', NULL);
INSERT INTO `categories` VALUES (30, 'KHO', 'Est unde corporis totam.', 'est-unde-corporis-totam', 'Queen, \'and he shall tell you just now what the name \'Alice!\' CHAPTER XII. Alice\'s Evidence \'Here!\' cried Alice, jumping up and leave the court; but on second thoughts she decided on going into the air off all its feet at the March Hare meekly replied. \'Yes, but some crumbs must have been a holiday?\' \'Of course not,\' Alice cautiously replied: \'but I haven\'t been invited yet.\' \'You\'ll see me there,\' said the King, who had been found and handed them round as prizes. There was no more of the garden, and marked, with one eye; \'I seem to dry me at all.\' \'In that case,\' said the Mouse. \'--I proceed. \"Edwin and Morcar, the earls of Mercia and Northumbria, declared for him: and even Stigand, the patriotic archbishop of Canterbury, found it made no mark; but he now hastily began again, using the ink, that was lying on the floor: in another moment it was out of sight: then it chuckled. \'What fun!\' said the March Hare. \'Exactly so,\' said Alice. \'Exactly so,\' said the Queen, who were giving it a little house in it about four inches deep and reaching half down the chimney close above her: then, saying to herself, as usual. I wonder if I shall have somebody to talk about trouble!\' said the King; \'and don\'t look at the March Hare went on. \'Would you tell me, Pat, what\'s that in some alarm. This time there could be no sort of use in saying anything more till the eyes appeared, and then I\'ll tell him--it was for bringing the cook tulip-roots instead of onions.\' Seven flung down his face, as long as I was sent for.\' \'You ought to be almost out of its mouth, and addressed her in an undertone to the Queen, who had not as yet had any sense, they\'d take the roof bear?--Mind that loose slate--Oh, it\'s coming down! Heads below!\' (a loud crash)--\'Now, who did that?--It was Bill, I fancy--Who\'s to go nearer till she was considering in her hand, and Alice guessed in a confused way, \'Prizes! Prizes!\' Alice had been anxiously looking across the garden, where Alice could hardly hear the Rabbit.', 1, 1, NULL, '2023-10-16 15:20:29', '2023-10-16 15:20:29', NULL);
INSERT INTO `categories` VALUES (31, 'co3', 'kategori', 'kategori', 'deskripsi', 1, 1, NULL, '2023-10-20 20:12:09', '2023-10-21 09:37:29', '2023-10-21 09:37:29');
INSERT INTO `categories` VALUES (32, 'kod', 'kategori', 'kategori-1', 'desc', 1, 1, NULL, '2023-10-20 20:12:23', '2023-10-21 00:01:01', '2023-10-21 00:01:01');
INSERT INTO `categories` VALUES (33, 'A', 'kategoro', 'kategoro', 'desv', 1, 1, NULL, '2023-10-20 20:14:15', '2023-10-20 23:46:23', '2023-10-20 23:46:23');
INSERT INTO `categories` VALUES (34, 'B', 'kategori', 'kategori-2', 'desc', 1, 1, NULL, '2023-10-20 20:14:57', '2023-10-21 00:00:24', '2023-10-21 00:00:24');
INSERT INTO `categories` VALUES (35, 'ts5', 'kategory5', 'kategory5', 'deskripsi5', 1, 1, NULL, '2023-10-21 08:35:53', '2023-10-21 09:37:45', NULL);
INSERT INTO `categories` VALUES (36, 'ts4', 'kategori3', 'kategori3', 'deskripsi3', 1, 1, NULL, '2023-10-21 08:45:50', '2023-10-21 08:45:59', NULL);

-- ----------------------------
-- Table structure for colors
-- ----------------------------
DROP TABLE IF EXISTS `colors`;
CREATE TABLE `colors`  (
  `id` bigint(0) UNSIGNED NOT NULL AUTO_INCREMENT,
  `name` varchar(100) CHARACTER SET utf8mb4 COLLATE utf8mb4_unicode_ci NOT NULL,
  `slug` varchar(1000) CHARACTER SET utf8mb4 COLLATE utf8mb4_unicode_ci NOT NULL,
  `created_by` bigint(0) UNSIGNED NULL DEFAULT NULL,
  `updated_by` bigint(0) UNSIGNED NULL DEFAULT NULL,
  `deleted_by` bigint(0) UNSIGNED NULL DEFAULT NULL,
  `created_at` timestamp(0) NULL DEFAULT NULL,
  `updated_at` timestamp(0) NULL DEFAULT NULL,
  `deleted_at` timestamp(0) NULL DEFAULT NULL,
  PRIMARY KEY (`id`) USING BTREE
) ENGINE = MyISAM AUTO_INCREMENT = 31 CHARACTER SET = utf8mb4 COLLATE = utf8mb4_unicode_ci ROW_FORMAT = Dynamic;

-- ----------------------------
-- Records of colors
-- ----------------------------
INSERT INTO `colors` VALUES (1, 'Odit.', 'odit', 1, 1, NULL, '2023-10-16 15:20:29', '2023-10-16 15:20:29', NULL);
INSERT INTO `colors` VALUES (2, 'Porro rem.', 'porro-rem', 1, 1, NULL, '2023-10-16 15:20:29', '2023-10-16 15:20:29', NULL);
INSERT INTO `colors` VALUES (3, 'Aut error.', 'aut-error', 1, 1, NULL, '2023-10-16 15:20:29', '2023-10-16 15:20:29', NULL);
INSERT INTO `colors` VALUES (4, 'Libero et.', 'libero-et', 1, 1, NULL, '2023-10-16 15:20:29', '2023-10-16 15:20:29', NULL);
INSERT INTO `colors` VALUES (5, 'Et qui.', 'et-qui', 1, 1, NULL, '2023-10-16 15:20:29', '2023-10-16 15:20:29', NULL);
INSERT INTO `colors` VALUES (6, 'Deserunt.', 'deserunt', 1, 1, NULL, '2023-10-16 15:20:29', '2023-10-16 15:20:29', NULL);
INSERT INTO `colors` VALUES (7, 'Non.', 'non', 1, 1, NULL, '2023-10-16 15:20:29', '2023-10-16 15:20:29', NULL);
INSERT INTO `colors` VALUES (8, 'Eveniet.', 'eveniet', 1, 1, NULL, '2023-10-16 15:20:29', '2023-10-16 15:20:29', NULL);
INSERT INTO `colors` VALUES (9, 'Alias.', 'alias', 1, 1, NULL, '2023-10-16 15:20:29', '2023-10-16 15:20:29', NULL);
INSERT INTO `colors` VALUES (10, 'Est.', 'est', 1, 1, NULL, '2023-10-16 15:20:29', '2023-10-16 15:20:29', NULL);
INSERT INTO `colors` VALUES (11, 'Qui.', 'qui', 1, 1, NULL, '2023-10-16 15:20:29', '2023-10-16 15:20:29', NULL);
INSERT INTO `colors` VALUES (12, 'Rem.', 'rem', 1, 1, NULL, '2023-10-16 15:20:29', '2023-10-16 15:20:29', NULL);
INSERT INTO `colors` VALUES (13, 'Maiores.', 'maiores', 1, 1, NULL, '2023-10-16 15:20:29', '2023-10-16 15:20:29', NULL);
INSERT INTO `colors` VALUES (14, 'Est.', 'est-1', 1, 1, NULL, '2023-10-16 15:20:29', '2023-10-16 15:20:29', NULL);
INSERT INTO `colors` VALUES (15, 'Natus.', 'natus', 1, 1, NULL, '2023-10-16 15:20:29', '2023-10-16 15:20:29', NULL);
INSERT INTO `colors` VALUES (16, 'Expedita.', 'expedita', 1, 1, NULL, '2023-10-16 15:20:29', '2023-10-16 15:20:29', NULL);
INSERT INTO `colors` VALUES (17, 'Rem aut.', 'rem-aut', 1, 1, NULL, '2023-10-16 15:20:29', '2023-10-16 15:20:29', NULL);
INSERT INTO `colors` VALUES (18, 'Quasi.', 'quasi', 1, 1, NULL, '2023-10-16 15:20:29', '2023-10-16 15:20:29', NULL);
INSERT INTO `colors` VALUES (19, 'Qui sint.', 'qui-sint', 1, 1, NULL, '2023-10-16 15:20:29', '2023-10-16 15:20:29', NULL);
INSERT INTO `colors` VALUES (20, 'Officia.', 'officia', 1, 1, NULL, '2023-10-16 15:20:29', '2023-10-16 15:20:29', NULL);
INSERT INTO `colors` VALUES (21, 'Id non.', 'id-non', 1, 1, NULL, '2023-10-16 15:20:29', '2023-10-16 15:20:29', NULL);
INSERT INTO `colors` VALUES (22, 'Quo.', 'quo', 1, 1, NULL, '2023-10-16 15:20:29', '2023-10-16 15:20:29', NULL);
INSERT INTO `colors` VALUES (23, 'Ut.', 'ut', 1, 1, NULL, '2023-10-16 15:20:29', '2023-10-16 15:20:29', NULL);
INSERT INTO `colors` VALUES (24, 'Enim eius.', 'enim-eius', 1, 1, NULL, '2023-10-16 15:20:29', '2023-10-16 15:20:29', NULL);
INSERT INTO `colors` VALUES (25, 'Aut.', 'aut', 1, 1, NULL, '2023-10-16 15:20:29', '2023-10-16 15:20:29', NULL);
INSERT INTO `colors` VALUES (26, 'Cumque.', 'cumque', 1, 1, NULL, '2023-10-16 15:20:29', '2023-10-16 15:20:29', NULL);
INSERT INTO `colors` VALUES (27, 'Iste.', 'iste', 1, 1, NULL, '2023-10-16 15:20:29', '2023-10-16 15:20:29', NULL);
INSERT INTO `colors` VALUES (28, 'Eum enim.', 'eum-enim', 1, 1, NULL, '2023-10-16 15:20:29', '2023-10-16 15:20:29', NULL);
INSERT INTO `colors` VALUES (29, 'Eos.', 'eos', 1, 1, NULL, '2023-10-16 15:20:29', '2023-10-16 15:20:29', NULL);
INSERT INTO `colors` VALUES (30, 'Culpa.', 'culpa', 1, 1, NULL, '2023-10-16 15:20:29', '2023-10-16 15:20:29', NULL);

-- ----------------------------
-- Table structure for customer_addresses
-- ----------------------------
DROP TABLE IF EXISTS `customer_addresses`;
CREATE TABLE `customer_addresses`  (
  `id` bigint(0) UNSIGNED NOT NULL AUTO_INCREMENT,
  `customer_id` bigint(0) UNSIGNED NOT NULL,
  `type` varchar(45) CHARACTER SET utf8mb4 COLLATE utf8mb4_unicode_ci NOT NULL,
  `address1` varchar(255) CHARACTER SET utf8mb4 COLLATE utf8mb4_unicode_ci NOT NULL,
  `address2` varchar(255) CHARACTER SET utf8mb4 COLLATE utf8mb4_unicode_ci NOT NULL,
  `city` varchar(255) CHARACTER SET utf8mb4 COLLATE utf8mb4_unicode_ci NOT NULL,
  `state` varchar(45) CHARACTER SET utf8mb4 COLLATE utf8mb4_unicode_ci NOT NULL,
  `zipcode` varchar(45) CHARACTER SET utf8mb4 COLLATE utf8mb4_unicode_ci NOT NULL,
  `country` varchar(15) CHARACTER SET utf8mb4 COLLATE utf8mb4_unicode_ci NOT NULL,
  PRIMARY KEY (`id`) USING BTREE,
  INDEX `customer_addresses_customer_id_foreign`(`customer_id`) USING BTREE
) ENGINE = MyISAM AUTO_INCREMENT = 1 CHARACTER SET = utf8mb4 COLLATE = utf8mb4_unicode_ci ROW_FORMAT = Dynamic;

-- ----------------------------
-- Table structure for customers
-- ----------------------------
DROP TABLE IF EXISTS `customers`;
CREATE TABLE `customers`  (
  `id` bigint(0) UNSIGNED NOT NULL AUTO_INCREMENT,
  `first_name` varchar(191) CHARACTER SET utf8mb4 COLLATE utf8mb4_unicode_ci NOT NULL,
  `last_name` varchar(191) CHARACTER SET utf8mb4 COLLATE utf8mb4_unicode_ci NOT NULL,
  `phone` varchar(191) CHARACTER SET utf8mb4 COLLATE utf8mb4_unicode_ci NULL DEFAULT NULL,
  `status` varchar(45) CHARACTER SET utf8mb4 COLLATE utf8mb4_unicode_ci NULL DEFAULT NULL,
  `created_by` bigint(0) UNSIGNED NULL DEFAULT NULL,
  `updated_by` bigint(0) UNSIGNED NULL DEFAULT NULL,
  `created_at` timestamp(0) NULL DEFAULT NULL,
  `updated_at` timestamp(0) NULL DEFAULT NULL,
  PRIMARY KEY (`id`) USING BTREE
) ENGINE = MyISAM AUTO_INCREMENT = 1 CHARACTER SET = utf8mb4 COLLATE = utf8mb4_unicode_ci ROW_FORMAT = Dynamic;

-- ----------------------------
-- Table structure for failed_jobs
-- ----------------------------
DROP TABLE IF EXISTS `failed_jobs`;
CREATE TABLE `failed_jobs`  (
  `id` bigint(0) UNSIGNED NOT NULL AUTO_INCREMENT,
  `uuid` varchar(191) CHARACTER SET utf8mb4 COLLATE utf8mb4_unicode_ci NOT NULL,
  `connection` text CHARACTER SET utf8mb4 COLLATE utf8mb4_unicode_ci NOT NULL,
  `queue` text CHARACTER SET utf8mb4 COLLATE utf8mb4_unicode_ci NOT NULL,
  `payload` longtext CHARACTER SET utf8mb4 COLLATE utf8mb4_unicode_ci NOT NULL,
  `exception` longtext CHARACTER SET utf8mb4 COLLATE utf8mb4_unicode_ci NOT NULL,
  `failed_at` timestamp(0) NOT NULL DEFAULT CURRENT_TIMESTAMP(0),
  PRIMARY KEY (`id`) USING BTREE,
  UNIQUE INDEX `failed_jobs_uuid_unique`(`uuid`) USING BTREE
) ENGINE = MyISAM AUTO_INCREMENT = 1 CHARACTER SET = utf8mb4 COLLATE = utf8mb4_unicode_ci ROW_FORMAT = Dynamic;

-- ----------------------------
-- Table structure for materials
-- ----------------------------
DROP TABLE IF EXISTS `materials`;
CREATE TABLE `materials`  (
  `id` bigint(0) UNSIGNED NOT NULL AUTO_INCREMENT,
  `name` varchar(100) CHARACTER SET utf8mb4 COLLATE utf8mb4_unicode_ci NOT NULL,
  `slug` varchar(1000) CHARACTER SET utf8mb4 COLLATE utf8mb4_unicode_ci NOT NULL,
  `created_by` bigint(0) UNSIGNED NULL DEFAULT NULL,
  `updated_by` bigint(0) UNSIGNED NULL DEFAULT NULL,
  `deleted_by` bigint(0) UNSIGNED NULL DEFAULT NULL,
  `created_at` timestamp(0) NULL DEFAULT NULL,
  `updated_at` timestamp(0) NULL DEFAULT NULL,
  `deleted_at` timestamp(0) NULL DEFAULT NULL,
  PRIMARY KEY (`id`) USING BTREE
) ENGINE = MyISAM AUTO_INCREMENT = 31 CHARACTER SET = utf8mb4 COLLATE = utf8mb4_unicode_ci ROW_FORMAT = Dynamic;

-- ----------------------------
-- Records of materials
-- ----------------------------
INSERT INTO `materials` VALUES (1, 'Provident.', 'provident', 1, 1, NULL, '2023-10-16 15:20:29', '2023-10-16 15:20:29', NULL);
INSERT INTO `materials` VALUES (2, 'Modi.', 'modi', 1, 1, NULL, '2023-10-16 15:20:29', '2023-10-16 15:20:29', NULL);
INSERT INTO `materials` VALUES (3, 'Quia.', 'quia', 1, 1, NULL, '2023-10-16 15:20:29', '2023-10-16 15:20:29', NULL);
INSERT INTO `materials` VALUES (4, 'Qui est.', 'qui-est', 1, 1, NULL, '2023-10-16 15:20:29', '2023-10-16 15:20:29', NULL);
INSERT INTO `materials` VALUES (5, 'Esse ipsa.', 'esse-ipsa', 1, 1, NULL, '2023-10-16 15:20:29', '2023-10-16 15:20:29', NULL);
INSERT INTO `materials` VALUES (6, 'Commodi.', 'commodi', 1, 1, NULL, '2023-10-16 15:20:29', '2023-10-16 15:20:29', NULL);
INSERT INTO `materials` VALUES (7, 'Eius et.', 'eius-et', 1, 1, NULL, '2023-10-16 15:20:29', '2023-10-16 15:20:29', NULL);
INSERT INTO `materials` VALUES (8, 'Aut qui.', 'aut-qui', 1, 1, NULL, '2023-10-16 15:20:29', '2023-10-16 15:20:29', NULL);
INSERT INTO `materials` VALUES (9, 'Fuga.', 'fuga', 1, 1, NULL, '2023-10-16 15:20:29', '2023-10-16 15:20:29', NULL);
INSERT INTO `materials` VALUES (10, 'Sequi.', 'sequi', 1, 1, NULL, '2023-10-16 15:20:29', '2023-10-16 15:20:29', NULL);
INSERT INTO `materials` VALUES (11, 'Quaerat.', 'quaerat', 1, 1, NULL, '2023-10-16 15:20:29', '2023-10-16 15:20:29', NULL);
INSERT INTO `materials` VALUES (12, 'Rerum.', 'rerum', 1, 1, NULL, '2023-10-16 15:20:29', '2023-10-16 15:20:29', NULL);
INSERT INTO `materials` VALUES (13, 'In qui.', 'in-qui', 1, 1, NULL, '2023-10-16 15:20:29', '2023-10-16 15:20:29', NULL);
INSERT INTO `materials` VALUES (14, 'Quis.', 'quis', 1, 1, NULL, '2023-10-16 15:20:29', '2023-10-16 15:20:29', NULL);
INSERT INTO `materials` VALUES (15, 'At aut ad.', 'at-aut-ad', 1, 1, NULL, '2023-10-16 15:20:29', '2023-10-16 15:20:29', NULL);
INSERT INTO `materials` VALUES (16, 'Ex amet.', 'ex-amet', 1, 1, NULL, '2023-10-16 15:20:29', '2023-10-16 15:20:29', NULL);
INSERT INTO `materials` VALUES (17, 'Quidem ut.', 'quidem-ut', 1, 1, NULL, '2023-10-16 15:20:29', '2023-10-16 15:20:29', NULL);
INSERT INTO `materials` VALUES (18, 'Corporis.', 'corporis', 1, 1, NULL, '2023-10-16 15:20:29', '2023-10-16 15:20:29', NULL);
INSERT INTO `materials` VALUES (19, 'Adipisci.', 'adipisci', 1, 1, NULL, '2023-10-16 15:20:29', '2023-10-16 15:20:29', NULL);
INSERT INTO `materials` VALUES (20, 'Rerum.', 'rerum-1', 1, 1, NULL, '2023-10-16 15:20:29', '2023-10-16 15:20:29', NULL);
INSERT INTO `materials` VALUES (21, 'Quod qui.', 'quod-qui', 1, 1, NULL, '2023-10-16 15:20:29', '2023-10-16 15:20:29', NULL);
INSERT INTO `materials` VALUES (22, 'Non.', 'non', 1, 1, NULL, '2023-10-16 15:20:29', '2023-10-16 15:20:29', NULL);
INSERT INTO `materials` VALUES (23, 'Et.', 'et', 1, 1, NULL, '2023-10-16 15:20:29', '2023-10-16 15:20:29', NULL);
INSERT INTO `materials` VALUES (24, 'Et.', 'et-1', 1, 1, NULL, '2023-10-16 15:20:29', '2023-10-16 15:20:29', NULL);
INSERT INTO `materials` VALUES (25, 'Dolorem.', 'dolorem', 1, 1, NULL, '2023-10-16 15:20:29', '2023-10-16 15:20:29', NULL);
INSERT INTO `materials` VALUES (26, 'Tenetur.', 'tenetur', 1, 1, NULL, '2023-10-16 15:20:29', '2023-10-16 15:20:29', NULL);
INSERT INTO `materials` VALUES (27, 'Eligendi.', 'eligendi', 1, 1, NULL, '2023-10-16 15:20:29', '2023-10-16 15:20:29', NULL);
INSERT INTO `materials` VALUES (28, 'Nihil ut.', 'nihil-ut', 1, 1, NULL, '2023-10-16 15:20:29', '2023-10-16 15:20:29', NULL);
INSERT INTO `materials` VALUES (29, 'Hic.', 'hic', 1, 1, NULL, '2023-10-16 15:20:29', '2023-10-16 15:20:29', NULL);
INSERT INTO `materials` VALUES (30, 'Tenetur.', 'tenetur-1', 1, 1, NULL, '2023-10-16 15:20:29', '2023-10-16 15:20:29', NULL);

-- ----------------------------
-- Table structure for migrations
-- ----------------------------
DROP TABLE IF EXISTS `migrations`;
CREATE TABLE `migrations`  (
  `id` int(0) UNSIGNED NOT NULL AUTO_INCREMENT,
  `migration` varchar(191) CHARACTER SET utf8mb4 COLLATE utf8mb4_unicode_ci NOT NULL,
  `batch` int(0) NOT NULL,
  PRIMARY KEY (`id`) USING BTREE
) ENGINE = MyISAM AUTO_INCREMENT = 21 CHARACTER SET = utf8mb4 COLLATE = utf8mb4_unicode_ci ROW_FORMAT = Dynamic;

-- ----------------------------
-- Records of migrations
-- ----------------------------
INSERT INTO `migrations` VALUES (1, '2014_10_12_000000_create_users_table', 1);
INSERT INTO `migrations` VALUES (2, '2014_10_12_100000_create_password_reset_tokens_table', 1);
INSERT INTO `migrations` VALUES (3, '2019_08_19_000000_create_failed_jobs_table', 1);
INSERT INTO `migrations` VALUES (4, '2019_12_14_000001_create_personal_access_tokens_table', 1);
INSERT INTO `migrations` VALUES (5, '2023_10_14_135429_create_categories_table', 1);
INSERT INTO `migrations` VALUES (6, '2023_10_14_140202_create_types_table', 1);
INSERT INTO `migrations` VALUES (7, '2023_10_14_140218_create_materials_table', 1);
INSERT INTO `migrations` VALUES (8, '2023_10_14_140229_create_products_table', 1);
INSERT INTO `migrations` VALUES (9, '2023_10_14_142259_create_cart_items_table', 1);
INSERT INTO `migrations` VALUES (10, '2023_10_14_143754_create_orders_table', 1);
INSERT INTO `migrations` VALUES (11, '2023_10_14_143801_create_order_items_table', 1);
INSERT INTO `migrations` VALUES (12, '2023_10_15_042037_add_is_admin_column_to_users_table', 1);
INSERT INTO `migrations` VALUES (13, '2023_10_15_092358_create_units_table', 1);
INSERT INTO `migrations` VALUES (14, '2023_10_15_110802_create_thread_directions_table', 1);
INSERT INTO `migrations` VALUES (15, '2023_10_15_110819_create_thread_densities_table', 1);
INSERT INTO `migrations` VALUES (16, '2023_10_15_112718_create_colors_table', 1);
INSERT INTO `migrations` VALUES (17, '2023_10_15_120538_create_order_details_table', 1);
INSERT INTO `migrations` VALUES (18, '2023_10_15_151522_create_payments_table', 1);
INSERT INTO `migrations` VALUES (19, '2023_10_15_155537_create_customers_table', 1);
INSERT INTO `migrations` VALUES (20, '2023_10_15_160924_create_customer_addresses_table', 1);

-- ----------------------------
-- Table structure for order_details
-- ----------------------------
DROP TABLE IF EXISTS `order_details`;
CREATE TABLE `order_details`  (
  `id` bigint(0) UNSIGNED NOT NULL AUTO_INCREMENT,
  `first_name` varchar(191) CHARACTER SET utf8mb4 COLLATE utf8mb4_unicode_ci NOT NULL,
  `last_name` varchar(191) CHARACTER SET utf8mb4 COLLATE utf8mb4_unicode_ci NOT NULL,
  `email` varchar(191) CHARACTER SET utf8mb4 COLLATE utf8mb4_unicode_ci NULL DEFAULT NULL,
  `phone` varchar(191) CHARACTER SET utf8mb4 COLLATE utf8mb4_unicode_ci NULL DEFAULT NULL,
  `address1` varchar(255) CHARACTER SET utf8mb4 COLLATE utf8mb4_unicode_ci NOT NULL,
  `address2` varchar(255) CHARACTER SET utf8mb4 COLLATE utf8mb4_unicode_ci NOT NULL,
  `city` varchar(255) CHARACTER SET utf8mb4 COLLATE utf8mb4_unicode_ci NOT NULL,
  `state` varchar(45) CHARACTER SET utf8mb4 COLLATE utf8mb4_unicode_ci NOT NULL,
  `zipcode` varchar(45) CHARACTER SET utf8mb4 COLLATE utf8mb4_unicode_ci NOT NULL,
  `country` varchar(15) CHARACTER SET utf8mb4 COLLATE utf8mb4_unicode_ci NOT NULL,
  `created_at` timestamp(0) NULL DEFAULT NULL,
  `updated_at` timestamp(0) NULL DEFAULT NULL,
  PRIMARY KEY (`id`) USING BTREE
) ENGINE = MyISAM AUTO_INCREMENT = 1 CHARACTER SET = utf8mb4 COLLATE = utf8mb4_unicode_ci ROW_FORMAT = Dynamic;

-- ----------------------------
-- Table structure for order_items
-- ----------------------------
DROP TABLE IF EXISTS `order_items`;
CREATE TABLE `order_items`  (
  `id` bigint(0) UNSIGNED NOT NULL AUTO_INCREMENT,
  `order_id` bigint(0) UNSIGNED NOT NULL,
  `product_id` bigint(0) UNSIGNED NOT NULL,
  `quantity` int(0) NOT NULL,
  `unit_price` decimal(20, 2) NOT NULL,
  `created_at` timestamp(0) NULL DEFAULT NULL,
  `updated_at` timestamp(0) NULL DEFAULT NULL,
  PRIMARY KEY (`id`) USING BTREE,
  INDEX `order_items_order_id_foreign`(`order_id`) USING BTREE,
  INDEX `order_items_product_id_foreign`(`product_id`) USING BTREE
) ENGINE = MyISAM AUTO_INCREMENT = 1 CHARACTER SET = utf8mb4 COLLATE = utf8mb4_unicode_ci ROW_FORMAT = Fixed;

-- ----------------------------
-- Table structure for orders
-- ----------------------------
DROP TABLE IF EXISTS `orders`;
CREATE TABLE `orders`  (
  `id` bigint(0) UNSIGNED NOT NULL AUTO_INCREMENT,
  `total_price` decimal(20, 2) NOT NULL,
  `status` varchar(45) CHARACTER SET utf8mb4 COLLATE utf8mb4_unicode_ci NOT NULL,
  `created_by` bigint(0) UNSIGNED NULL DEFAULT NULL,
  `updated_by` bigint(0) UNSIGNED NULL DEFAULT NULL,
  `created_at` timestamp(0) NULL DEFAULT NULL,
  `updated_at` timestamp(0) NULL DEFAULT NULL,
  PRIMARY KEY (`id`) USING BTREE
) ENGINE = MyISAM AUTO_INCREMENT = 1 CHARACTER SET = utf8mb4 COLLATE = utf8mb4_unicode_ci ROW_FORMAT = Dynamic;

-- ----------------------------
-- Table structure for password_reset_tokens
-- ----------------------------
DROP TABLE IF EXISTS `password_reset_tokens`;
CREATE TABLE `password_reset_tokens`  (
  `email` varchar(191) CHARACTER SET utf8mb4 COLLATE utf8mb4_unicode_ci NOT NULL,
  `token` varchar(191) CHARACTER SET utf8mb4 COLLATE utf8mb4_unicode_ci NOT NULL,
  `created_at` timestamp(0) NULL DEFAULT NULL,
  PRIMARY KEY (`email`) USING BTREE
) ENGINE = MyISAM AUTO_INCREMENT = 1 CHARACTER SET = utf8mb4 COLLATE = utf8mb4_unicode_ci ROW_FORMAT = Dynamic;

-- ----------------------------
-- Table structure for payments
-- ----------------------------
DROP TABLE IF EXISTS `payments`;
CREATE TABLE `payments`  (
  `id` bigint(0) UNSIGNED NOT NULL AUTO_INCREMENT,
  `order_id` bigint(0) UNSIGNED NOT NULL,
  `amount` decimal(20, 2) NOT NULL,
  `status` varchar(45) CHARACTER SET utf8mb4 COLLATE utf8mb4_unicode_ci NOT NULL,
  `type` varchar(45) CHARACTER SET utf8mb4 COLLATE utf8mb4_unicode_ci NOT NULL,
  `created_by` bigint(0) UNSIGNED NULL DEFAULT NULL,
  `updated_by` bigint(0) UNSIGNED NULL DEFAULT NULL,
  `created_at` timestamp(0) NULL DEFAULT NULL,
  `updated_at` timestamp(0) NULL DEFAULT NULL,
  PRIMARY KEY (`id`) USING BTREE,
  INDEX `payments_order_id_foreign`(`order_id`) USING BTREE
) ENGINE = MyISAM AUTO_INCREMENT = 1 CHARACTER SET = utf8mb4 COLLATE = utf8mb4_unicode_ci ROW_FORMAT = Dynamic;

-- ----------------------------
-- Table structure for personal_access_tokens
-- ----------------------------
DROP TABLE IF EXISTS `personal_access_tokens`;
CREATE TABLE `personal_access_tokens`  (
  `id` bigint(0) UNSIGNED NOT NULL AUTO_INCREMENT,
  `tokenable_type` varchar(191) CHARACTER SET utf8mb4 COLLATE utf8mb4_unicode_ci NOT NULL,
  `tokenable_id` bigint(0) UNSIGNED NOT NULL,
  `name` varchar(191) CHARACTER SET utf8mb4 COLLATE utf8mb4_unicode_ci NOT NULL,
  `token` varchar(64) CHARACTER SET utf8mb4 COLLATE utf8mb4_unicode_ci NOT NULL,
  `abilities` text CHARACTER SET utf8mb4 COLLATE utf8mb4_unicode_ci NULL,
  `last_used_at` timestamp(0) NULL DEFAULT NULL,
  `expires_at` timestamp(0) NULL DEFAULT NULL,
  `created_at` timestamp(0) NULL DEFAULT NULL,
  `updated_at` timestamp(0) NULL DEFAULT NULL,
  PRIMARY KEY (`id`) USING BTREE,
  UNIQUE INDEX `personal_access_tokens_token_unique`(`token`) USING BTREE,
  INDEX `personal_access_tokens_tokenable_type_tokenable_id_index`(`tokenable_type`, `tokenable_id`) USING BTREE
) ENGINE = MyISAM AUTO_INCREMENT = 12 CHARACTER SET = utf8mb4 COLLATE = utf8mb4_unicode_ci ROW_FORMAT = Dynamic;

-- ----------------------------
-- Records of personal_access_tokens
-- ----------------------------
INSERT INTO `personal_access_tokens` VALUES (1, 'App\\Models\\User', 1, 'main', 'b04a4cb4cbdac81992ae5fcd65247ec426e422fc726993a409a0b104b34631eb', '[\"*\"]', '2023-10-17 00:35:12', NULL, '2023-10-17 00:21:42', '2023-10-17 00:35:12');
INSERT INTO `personal_access_tokens` VALUES (2, 'App\\Models\\User', 1, 'main', '0029a9a007293adcbd56e123afa282f9cb1e6cc23e690879c834d27ca13f95eb', '[\"*\"]', '2023-10-17 03:57:53', NULL, '2023-10-17 03:57:52', '2023-10-17 03:57:53');
INSERT INTO `personal_access_tokens` VALUES (3, 'App\\Models\\User', 1, 'main', 'e1be1414ba555acc910b18037627626d82561d3f78b46ccd7d947cd8286ef5c6', '[\"*\"]', '2023-10-17 17:51:00', NULL, '2023-10-17 13:03:58', '2023-10-17 17:51:00');
INSERT INTO `personal_access_tokens` VALUES (5, 'App\\Models\\User', 1, 'main', '72b3e508fc715ecda009789cdec05424eb4ba6773aa8fd020547d948492d6350', '[\"*\"]', '2023-10-17 18:09:39', NULL, '2023-10-17 17:33:20', '2023-10-17 18:09:39');
INSERT INTO `personal_access_tokens` VALUES (6, 'App\\Models\\User', 1, 'main', 'dfd50b648e77ff21427f3eddc427ededbc8ff168a97df4e4ccb1cfc86b0fb7af', '[\"*\"]', '2023-10-18 18:15:15', NULL, '2023-10-18 13:56:23', '2023-10-18 18:15:15');
INSERT INTO `personal_access_tokens` VALUES (7, 'App\\Models\\User', 1, 'main', '24ee75ba893207c524ecccded71cd79d1a3b09c9dc2031fd3572c5da7973268a', '[\"*\"]', '2023-10-19 15:40:52', NULL, '2023-10-19 14:46:29', '2023-10-19 15:40:52');
INSERT INTO `personal_access_tokens` VALUES (8, 'App\\Models\\User', 1, 'main', '59dc625b01d29c6c829703b0b1d3043d9f945ad3020644d7001471f7ad39d376', '[\"*\"]', '2023-10-19 18:02:51', NULL, '2023-10-19 15:22:54', '2023-10-19 18:02:51');
INSERT INTO `personal_access_tokens` VALUES (9, 'App\\Models\\User', 1, 'main', '8238c43d877daa915991f25c32be57dc2f6084e1f52be5164c1160fb6ac2d72e', '[\"*\"]', '2023-10-20 19:51:21', NULL, '2023-10-20 18:55:01', '2023-10-20 19:51:21');
INSERT INTO `personal_access_tokens` VALUES (10, 'App\\Models\\User', 1, 'main', '05a7bfa13893dae000d73b96ee40e1f18c05f04bb36163b6e86cf3f07e77a87c', '[\"*\"]', '2023-10-21 00:03:49', NULL, '2023-10-20 19:52:27', '2023-10-21 00:03:49');
INSERT INTO `personal_access_tokens` VALUES (11, 'App\\Models\\User', 1, 'main', 'cff4fb7770e65b13b261a54cc9078b5f1cd6d4dadceea4596c3229d765c65928', '[\"*\"]', '2023-10-20 22:36:20', NULL, '2023-10-20 19:55:27', '2023-10-20 22:36:20');
INSERT INTO `personal_access_tokens` VALUES (12, 'App\\Models\\User', 1, 'main', '527793d091c6bf158a8e5377a0e5d391081f09acf2fbb399c0a05322fa9df2d1', '[\"*\"]', '2023-10-21 09:38:30', NULL, '2023-10-21 08:24:23', '2023-10-21 09:38:30');

-- ----------------------------
-- Table structure for products
-- ----------------------------
DROP TABLE IF EXISTS `products`;
CREATE TABLE `products`  (
  `id` bigint(0) UNSIGNED NOT NULL AUTO_INCREMENT,
  `type_id` bigint(0) UNSIGNED NOT NULL,
  `code` bigint(0) NOT NULL,
  `title` varchar(2000) CHARACTER SET utf8mb4 COLLATE utf8mb4_unicode_ci NOT NULL,
  `slug` varchar(2000) CHARACTER SET utf8mb4 COLLATE utf8mb4_unicode_ci NOT NULL,
  `image` varchar(2000) CHARACTER SET utf8mb4 COLLATE utf8mb4_unicode_ci NULL DEFAULT NULL,
  `image_mime` varchar(191) CHARACTER SET utf8mb4 COLLATE utf8mb4_unicode_ci NULL DEFAULT NULL,
  `image_size` int(0) NULL DEFAULT NULL,
  `description` varchar(191) CHARACTER SET utf8mb4 COLLATE utf8mb4_unicode_ci NULL DEFAULT NULL,
  `price_retail` decimal(10, 2) NOT NULL,
  `price_wholesale` decimal(10, 2) NOT NULL,
  `quantity_limit` int(0) NOT NULL,
  `unit_id` bigint(0) UNSIGNED NOT NULL,
  `material_id` bigint(0) UNSIGNED NOT NULL,
  `weight` decimal(4, 2) NULL DEFAULT NULL,
  `unit_weight_id` bigint(0) UNSIGNED NOT NULL,
  `contents_per_box` int(0) NULL DEFAULT NULL,
  `unit_contents_per_box_id` bigint(0) UNSIGNED NOT NULL,
  `grade` decimal(4, 2) NULL DEFAULT NULL,
  `thread_direction_id` bigint(0) UNSIGNED NOT NULL,
  `thread_density_id` bigint(0) UNSIGNED NOT NULL,
  `diameter` decimal(4, 2) NULL DEFAULT NULL,
  `inner_diameter` decimal(4, 2) NULL DEFAULT NULL,
  `outer_diameter` decimal(4, 2) NULL DEFAULT NULL,
  `unit_diameter_id` bigint(0) UNSIGNED NOT NULL,
  `length` decimal(4, 2) NULL DEFAULT NULL,
  `unit_length_id` bigint(0) UNSIGNED NOT NULL,
  `drat_size` varchar(10) CHARACTER SET utf8mb4 COLLATE utf8mb4_unicode_ci NULL DEFAULT NULL,
  `dimensional_standart` varchar(20) CHARACTER SET utf8mb4 COLLATE utf8mb4_unicode_ci NULL DEFAULT NULL,
  `head_style` varchar(20) CHARACTER SET utf8mb4 COLLATE utf8mb4_unicode_ci NULL DEFAULT NULL,
  `drive_type` varchar(20) CHARACTER SET utf8mb4 COLLATE utf8mb4_unicode_ci NULL DEFAULT NULL,
  `thick_head` decimal(4, 2) NULL DEFAULT NULL,
  `unit_thick_head_id` bigint(0) UNSIGNED NOT NULL,
  `across_flats` varchar(20) CHARACTER SET utf8mb4 COLLATE utf8mb4_unicode_ci NULL DEFAULT NULL,
  `drat_type` varchar(20) CHARACTER SET utf8mb4 COLLATE utf8mb4_unicode_ci NULL DEFAULT NULL,
  `drat_length` decimal(4, 2) NULL DEFAULT NULL,
  `unit_drat_length_id` bigint(0) UNSIGNED NOT NULL,
  `color_id` bigint(0) UNSIGNED NOT NULL,
  `created_by` bigint(0) UNSIGNED NULL DEFAULT NULL,
  `updated_by` bigint(0) UNSIGNED NULL DEFAULT NULL,
  `deleted_by` bigint(0) UNSIGNED NULL DEFAULT NULL,
  `created_at` timestamp(0) NULL DEFAULT NULL,
  `updated_at` timestamp(0) NULL DEFAULT NULL,
  `deleted_at` timestamp(0) NULL DEFAULT NULL,
  PRIMARY KEY (`id`) USING BTREE,
  INDEX `products_type_id_foreign`(`type_id`) USING BTREE,
  INDEX `products_unit_id_foreign`(`unit_id`) USING BTREE,
  INDEX `products_material_id_foreign`(`material_id`) USING BTREE,
  INDEX `products_unit_weight_id_foreign`(`unit_weight_id`) USING BTREE,
  INDEX `products_unit_contents_per_box_id_foreign`(`unit_contents_per_box_id`) USING BTREE,
  INDEX `products_thread_direction_id_foreign`(`thread_direction_id`) USING BTREE,
  INDEX `products_thread_density_id_foreign`(`thread_density_id`) USING BTREE,
  INDEX `products_unit_diameter_id_foreign`(`unit_diameter_id`) USING BTREE,
  INDEX `products_unit_length_id_foreign`(`unit_length_id`) USING BTREE,
  INDEX `products_unit_thick_head_id_foreign`(`unit_thick_head_id`) USING BTREE,
  INDEX `products_unit_drat_length_id_foreign`(`unit_drat_length_id`) USING BTREE,
  INDEX `products_color_id_foreign`(`color_id`) USING BTREE
) ENGINE = MyISAM AUTO_INCREMENT = 51 CHARACTER SET = utf8mb4 COLLATE = utf8mb4_unicode_ci ROW_FORMAT = Dynamic;

-- ----------------------------
-- Records of products
-- ----------------------------
INSERT INTO `products` VALUES (1, 8, 267932, 'Quae libero corporis sit qui fugiat et et.', 'quae-libero-corporis-sit-qui-fugiat-et-et', 'https://via.placeholder.com/640x480.png/00ff66?text=itaque', NULL, NULL, 'THESE?\' said the Queen, but she heard her sentence three of her own mind (as well as the Caterpillar decidedly, and there was nothing so VERY nearly at the stick, running a very difficult.', 40.00, 41.00, 304, 21, 27, 71.00, 4, 1, 2, 89.00, 11, 13, 32.00, 71.00, 88.00, 11, 38.00, 3, 'Quis.', 'Nulla ex.', 'Eum et.', 'Sunt.', 33.00, 24, 'Soluta.', 'Error.', 12.00, 30, 19, 1, 1, NULL, '2023-10-16 15:20:30', '2023-10-16 15:20:30', NULL);
INSERT INTO `products` VALUES (2, 9, 2779, 'Saepe quibusdam et error hic.', 'saepe-quibusdam-et-error-hic', 'https://via.placeholder.com/640x480.png/005533?text=dolores', NULL, NULL, 'Oh, my dear paws! Oh my dear paws! Oh my dear paws! Oh my dear Dinah! I wonder if I was, I shouldn\'t like THAT!\' \'Oh, you foolish Alice!\' she answered herself. \'How can you learn lessons.', 25.00, 80.00, 131, 12, 1, 63.00, 17, 63, 29, 29.00, 4, 22, 73.00, 25.00, 58.00, 23, 57.00, 26, 'Quas.', 'Sint.', 'Et quas.', 'Id dolor.', 16.00, 5, 'Quia.', 'Fugit.', 60.00, 25, 9, 1, 1, NULL, '2023-10-16 15:20:30', '2023-10-16 15:20:30', NULL);
INSERT INTO `products` VALUES (3, 22, 2320, 'Corrupti et voluptatem et nostrum nemo.', 'corrupti-et-voluptatem-et-nostrum-nemo', 'https://via.placeholder.com/640x480.png/00dd22?text=sunt', NULL, NULL, 'Alice, \'Have you seen the Mock Turtle interrupted, \'if you don\'t know one,\' said Alice, very earnestly. \'I\'ve had nothing yet,\' Alice replied very solemnly. Alice was only sobbing,\' she.', 35.00, 58.00, 119, 26, 14, 66.00, 26, 14, 28, 57.00, 4, 9, 80.00, 40.00, 44.00, 27, 93.00, 23, 'Non.', 'Rerum.', 'Fugiat.', 'Itaque.', 18.00, 28, 'Eaque.', 'Aliquid.', 62.00, 25, 22, 1, 1, NULL, '2023-10-16 15:20:30', '2023-10-16 15:20:30', NULL);
INSERT INTO `products` VALUES (4, 22, 562424525, 'Et rerum voluptas dolorum.', 'et-rerum-voluptas-dolorum', 'https://via.placeholder.com/640x480.png/0000ff?text=laborum', NULL, NULL, 'Alice. \'Oh, don\'t bother ME,\' said Alice loudly. \'The idea of having nothing to do.\" Said the mouse doesn\'t get out.\" Only I don\'t want to see what was on the top of it. Presently the.', 38.00, 10.00, 613, 19, 17, 57.00, 15, 78, 14, 73.00, 7, 11, 88.00, 13.00, 29.00, 30, 64.00, 13, 'Quis.', 'Eum.', 'Autem ut.', 'Ab minima.', 26.00, 24, 'Sit.', 'Minus.', 26.00, 17, 18, 1, 1, NULL, '2023-10-16 15:20:30', '2023-10-16 15:20:30', NULL);
INSERT INTO `products` VALUES (5, 4, 676382880, 'Quis consequatur natus est qui placeat ipsum.', 'quis-consequatur-natus-est-qui-placeat-ipsum', 'https://via.placeholder.com/640x480.png/00ccaa?text=magni', NULL, NULL, 'I must have been was not an encouraging opening for a long tail, certainly,\' said Alice, very loudly and decidedly, and he wasn\'t one?\' Alice asked. The Hatter opened his eyes were nearly.', 45.00, 37.00, 867, 6, 19, 99.00, 4, 85, 29, 99.00, 26, 8, 50.00, 94.00, 94.00, 19, 51.00, 8, 'Ex.', 'Doloribus.', 'Omnis sit.', 'Ex.', 48.00, 19, 'Laborum.', 'Et earum.', 39.00, 27, 11, 1, 1, NULL, '2023-10-16 15:20:30', '2023-10-16 15:20:30', NULL);
INSERT INTO `products` VALUES (6, 12, 22144, 'Totam accusamus labore ratione assumenda.', 'totam-accusamus-labore-ratione-assumenda', 'https://via.placeholder.com/640x480.png/00ee55?text=rem', NULL, NULL, 'Shakespeare, in the pool a little shriek and a large canvas bag, which tied up at this moment the King, and the other side of WHAT?\' thought Alice \'without pictures or conversations?\' So.', 42.00, 29.00, 379, 12, 4, 25.00, 23, 73, 2, 18.00, 11, 15, 24.00, 82.00, 32.00, 21, 45.00, 19, 'Non.', 'Ad eos.', 'Et.', 'Autem et.', 47.00, 9, 'Veritatis.', 'Sed.', 29.00, 4, 29, 1, 1, NULL, '2023-10-16 15:20:30', '2023-10-16 15:20:30', NULL);
INSERT INTO `products` VALUES (7, 23, 623858413, 'Et voluptatibus neque officiis ducimus rerum.', 'et-voluptatibus-neque-officiis-ducimus-rerum', 'https://via.placeholder.com/640x480.png/002299?text=ipsum', NULL, NULL, 'I\'ve kept her eyes anxiously fixed on it, (\'which certainly was not here before,\' said the March Hare,) \'--it was at in all directions, tumbling up against each other; however, they got.', 52.00, 89.00, 693, 2, 18, 68.00, 10, 33, 6, 56.00, 10, 8, 43.00, 94.00, 49.00, 28, 90.00, 10, 'Quos.', 'Et libero.', 'Vitae.', 'Vero esse.', 39.00, 30, 'Similique.', 'Voluptas.', 13.00, 10, 7, 1, 1, NULL, '2023-10-16 15:20:30', '2023-10-16 15:20:30', NULL);
INSERT INTO `products` VALUES (8, 9, 38218, 'Ut aut reprehenderit officiis voluptate odio.', 'ut-aut-reprehenderit-officiis-voluptate-odio', 'https://via.placeholder.com/640x480.png/0011dd?text=officiis', NULL, NULL, 'May it won\'t be raving mad--at least not so mad as it was empty: she did not like to go down--Here, Bill! the master says you\'re to go down the middle, nursing a baby; the cook had.', 16.00, 99.00, 729, 9, 21, 55.00, 2, 71, 12, 50.00, 16, 17, 81.00, 55.00, 18.00, 11, 86.00, 24, 'Sint.', 'Labore.', 'Voluptas.', 'Ab et et.', 89.00, 22, 'Est.', 'Deserunt.', 80.00, 22, 8, 1, 1, NULL, '2023-10-16 15:20:30', '2023-10-16 15:20:30', NULL);
INSERT INTO `products` VALUES (9, 16, 5, 'Voluptates maxime ea ea ab in animi.', 'voluptates-maxime-ea-ea-ab-in-animi', 'https://via.placeholder.com/640x480.png/0033aa?text=ut', NULL, NULL, 'I don\'t think,\' Alice went on, \'if you don\'t even know what they\'re about!\' \'Read them,\' said the Duchess. An invitation from the time she had to double themselves up and picking the.', 90.00, 50.00, 364, 16, 22, 22.00, 15, 2, 21, 32.00, 21, 10, 51.00, 23.00, 46.00, 4, 80.00, 6, 'Quia.', 'Delectus.', 'Et.', 'In earum.', 54.00, 16, 'Cum ex.', 'Sed.', 33.00, 18, 5, 1, 1, NULL, '2023-10-16 15:20:30', '2023-10-16 15:20:30', NULL);
INSERT INTO `products` VALUES (10, 28, 45902932, 'Earum qui voluptatibus eum debitis a repellendus.', 'earum-qui-voluptatibus-eum-debitis-a-repellendus', 'https://via.placeholder.com/640x480.png/003388?text=non', NULL, NULL, 'Gryphon hastily. \'Go on with the Dormouse. \'Write that down,\' the King had said that day. \'That PROVES his guilt,\' said the Mouse, frowning, but very glad she had expected: before she made.', 32.00, 79.00, 215, 9, 17, 65.00, 6, 84, 10, 56.00, 17, 18, 51.00, 59.00, 81.00, 13, 53.00, 4, 'Sed.', 'Explicabo.', 'Dolor.', 'Nobis.', 39.00, 27, 'Enim qui.', 'Eum.', 22.00, 12, 10, 1, 1, NULL, '2023-10-16 15:20:30', '2023-10-16 15:20:30', NULL);
INSERT INTO `products` VALUES (11, 29, 154808, 'Suscipit sed occaecati sint fugiat.', 'suscipit-sed-occaecati-sint-fugiat', 'https://via.placeholder.com/640x480.png/0066ff?text=ut', NULL, NULL, 'Queen. \'Well, I can\'t remember,\' said the King. \'It began with the next witness was the BEST butter,\' the March Hare. \'He denies it,\' said Alice. \'Well, I hardly know--No more, thank ye.', 17.00, 34.00, 697, 29, 23, 89.00, 2, 41, 7, 75.00, 2, 13, 25.00, 64.00, 49.00, 8, 69.00, 9, 'Odio.', 'Nostrum.', 'Ab quo.', 'Dolor.', 82.00, 10, 'Minus.', 'Est dolor.', 97.00, 6, 20, 1, 1, NULL, '2023-10-16 15:20:30', '2023-10-16 15:20:30', NULL);
INSERT INTO `products` VALUES (12, 10, 99, 'Eos quia voluptas rerum sit.', 'eos-quia-voluptas-rerum-sit', 'https://via.placeholder.com/640x480.png/0044aa?text=dolorem', NULL, NULL, 'THE KING AND QUEEN OF HEARTS. Alice was beginning to think about it, you know.\' \'Not at all,\' said Alice: \'--where\'s the Duchess?\' \'Hush! Hush!\' said the March Hare. Visit either you like.', 73.00, 47.00, 549, 9, 14, 29.00, 26, 24, 8, 10.00, 29, 25, 99.00, 80.00, 79.00, 7, 11.00, 20, 'Quia.', 'Quam.', 'Ipsam.', 'Odit.', 82.00, 8, 'Non.', 'Quo.', 76.00, 28, 17, 1, 1, NULL, '2023-10-16 15:20:30', '2023-10-16 15:20:30', NULL);
INSERT INTO `products` VALUES (13, 13, 0, 'Quo velit necessitatibus illo vitae.', 'quo-velit-necessitatibus-illo-vitae', 'https://via.placeholder.com/640x480.png/003300?text=aut', NULL, NULL, 'SAID was, \'Why is a raven like a tunnel for some time busily writing in his sleep, \'that \"I breathe when I grow up, I\'ll write one--but I\'m grown up now,\' she added aloud. \'Do you play.', 24.00, 28.00, 553, 2, 8, 15.00, 16, 68, 18, 66.00, 17, 1, 50.00, 74.00, 70.00, 30, 43.00, 28, 'Odit.', 'Dolore ea.', 'Totam quo.', 'In qui.', 95.00, 25, 'Quasi.', 'In.', 10.00, 3, 4, 1, 1, NULL, '2023-10-16 15:20:30', '2023-10-16 15:20:30', NULL);
INSERT INTO `products` VALUES (14, 30, 821249324, 'Nihil facilis cumque est quam et quia.', 'nihil-facilis-cumque-est-quam-et-quia', 'https://via.placeholder.com/640x480.png/00ee22?text=nobis', NULL, NULL, 'Two. Two began in a whisper, half afraid that she was now only ten inches high, and she jumped up in such a noise inside, no one listening, this time, as it spoke. \'As wet as ever,\' said.', 56.00, 99.00, 127, 20, 17, 72.00, 6, 39, 9, 58.00, 7, 16, 82.00, 64.00, 14.00, 23, 49.00, 5, 'Sit.', 'Qui non.', 'Hic enim.', 'Unde.', 23.00, 26, 'Non est.', 'In nemo.', 97.00, 4, 20, 1, 1, NULL, '2023-10-16 15:20:30', '2023-10-16 15:20:30', NULL);
INSERT INTO `products` VALUES (15, 2, 67525389, 'Pariatur aperiam facere hic sed.', 'pariatur-aperiam-facere-hic-sed', 'https://via.placeholder.com/640x480.png/008800?text=delectus', NULL, NULL, 'Like a tea-tray in the newspapers, at the flowers and the Mock Turtle. \'Hold your tongue!\' said the Hatter: \'I\'m on the whole party at once and put back into the court, by the officers of.', 91.00, 51.00, 205, 13, 11, 68.00, 14, 64, 2, 44.00, 22, 6, 47.00, 78.00, 82.00, 17, 41.00, 21, 'Sint.', 'Dolor.', 'Ipsa.', 'Aut.', 97.00, 11, 'Hic.', 'Enim.', 72.00, 29, 23, 1, 1, NULL, '2023-10-16 15:20:30', '2023-10-16 15:20:30', NULL);
INSERT INTO `products` VALUES (16, 12, 28218, 'Qui aspernatur neque impedit rerum.', 'qui-aspernatur-neque-impedit-rerum', 'https://via.placeholder.com/640x480.png/00dd22?text=illum', NULL, NULL, 'For instance, if you wouldn\'t have come here.\' Alice didn\'t think that will be When they take us up and beg for its dinner, and all that,\' said Alice. \'What IS the same size: to be a book.', 66.00, 94.00, 458, 3, 13, 35.00, 28, 96, 14, 83.00, 7, 27, 23.00, 32.00, 24.00, 9, 18.00, 2, 'Hic.', 'Ea quod.', 'Qui ut.', 'Ipsam.', 70.00, 27, 'Sed.', 'Et id vel.', 31.00, 17, 12, 1, 1, NULL, '2023-10-16 15:20:30', '2023-10-16 15:20:30', NULL);
INSERT INTO `products` VALUES (17, 13, 893, 'Totam qui aut aliquam provident.', 'totam-qui-aut-aliquam-provident', 'https://via.placeholder.com/640x480.png/00cc88?text=velit', NULL, NULL, 'A Mad Tea-Party There was certainly too much overcome to do it?\' \'In my youth,\' Father William replied to his son, \'I feared it might not escape again, and Alice thought to herself.', 12.00, 75.00, 539, 10, 23, 66.00, 17, 19, 10, 58.00, 3, 20, 21.00, 15.00, 94.00, 7, 36.00, 11, 'Ut.', 'Et nihil.', 'Quae unde.', 'Corporis.', 88.00, 22, 'Itaque.', 'Alias.', 36.00, 6, 6, 1, 1, NULL, '2023-10-16 15:20:30', '2023-10-16 15:20:30', NULL);
INSERT INTO `products` VALUES (18, 30, 936, 'Odio ab culpa eius voluptas dolorem mollitia.', 'odio-ab-culpa-eius-voluptas-dolorem-mollitia', 'https://via.placeholder.com/640x480.png/008888?text=ab', NULL, NULL, 'Alice had not the right thing to eat or drink under the circumstances. There was certainly English. \'I don\'t see how the Dodo replied very readily: \'but that\'s because it stays the same.', 75.00, 32.00, 421, 21, 21, 96.00, 6, 53, 5, 65.00, 26, 19, 55.00, 55.00, 55.00, 13, 34.00, 20, 'Qui.', 'Iure quos.', 'Facere.', 'Est.', 37.00, 2, 'Magnam.', 'Animi.', 88.00, 22, 18, 1, 1, NULL, '2023-10-16 15:20:30', '2023-10-16 15:20:30', NULL);
INSERT INTO `products` VALUES (19, 21, 37, 'Esse et animi iusto voluptate sit rerum.', 'esse-et-animi-iusto-voluptate-sit-rerum', 'https://via.placeholder.com/640x480.png/0055dd?text=quae', NULL, NULL, 'Caterpillar and Alice was thoroughly puzzled. \'Does the boots and shoes!\' she repeated in a furious passion, and went on without attending to her; \'but those serpents! There\'s no pleasing.', 70.00, 35.00, 994, 3, 1, 12.00, 16, 69, 13, 69.00, 9, 5, 12.00, 79.00, 84.00, 30, 52.00, 29, 'Et.', 'Rem velit.', 'Error qui.', 'Aut.', 35.00, 6, 'Corporis.', 'Aliquam.', 57.00, 9, 10, 1, 1, NULL, '2023-10-16 15:20:30', '2023-10-16 15:20:30', NULL);
INSERT INTO `products` VALUES (20, 4, 83, 'Aliquid ut natus et officia perferendis ut.', 'aliquid-ut-natus-et-officia-perferendis-ut', 'https://via.placeholder.com/640x480.png/00ee66?text=repellendus', NULL, NULL, 'Alice, \'to pretend to be a comfort, one way--never to be no use speaking to a shriek, \'and just as I\'d taken the highest tree in front of the trees had a vague sort of use in talking to.', 66.00, 11.00, 514, 14, 15, 41.00, 21, 23, 10, 10.00, 6, 28, 12.00, 76.00, 31.00, 14, 14.00, 14, 'Hic.', 'Quisquam.', 'Quos.', 'Et.', 17.00, 12, 'Eos.', 'Ut.', 72.00, 13, 18, 1, 1, NULL, '2023-10-16 15:20:30', '2023-10-16 15:20:30', NULL);
INSERT INTO `products` VALUES (21, 22, 51420245, 'Assumenda rem debitis officia est et et ipsa.', 'assumenda-rem-debitis-officia-est-et-et-ipsa', 'https://via.placeholder.com/640x480.png/005588?text=dolore', NULL, NULL, 'Queen said severely \'Who is this?\' She said it to annoy, Because he knows it teases.\' CHORUS. (In which the March Hare. \'I didn\'t know that Cheshire cats always grinned; in fact, I didn\'t.', 85.00, 69.00, 232, 6, 24, 41.00, 20, 35, 13, 77.00, 20, 7, 41.00, 13.00, 67.00, 22, 21.00, 2, 'Et.', 'Et.', 'Atque.', 'Dolore.', 63.00, 12, 'Fuga vero.', 'A unde et.', 55.00, 11, 16, 1, 1, NULL, '2023-10-16 15:20:30', '2023-10-16 15:20:30', NULL);
INSERT INTO `products` VALUES (22, 12, 20536, 'Aut ut et quidem.', 'aut-ut-et-quidem', 'https://via.placeholder.com/640x480.png/00ee88?text=accusantium', NULL, NULL, 'Alice, who had been found and handed them round as prizes. There was no use in crying like that!\' He got behind him, and very soon found herself lying on their slates, when the Rabbit.', 66.00, 94.00, 756, 21, 30, 18.00, 19, 97, 2, 17.00, 18, 18, 59.00, 61.00, 77.00, 7, 49.00, 15, 'Et.', 'Amet.', 'Autem.', 'Aut.', 58.00, 7, 'Et et.', 'Dolorem.', 36.00, 27, 11, 1, 1, NULL, '2023-10-16 15:20:30', '2023-10-16 15:20:30', NULL);
INSERT INTO `products` VALUES (23, 24, 405935, 'Et aut nulla fuga qui asperiores voluptatibus.', 'et-aut-nulla-fuga-qui-asperiores-voluptatibus', 'https://via.placeholder.com/640x480.png/005577?text=nisi', NULL, NULL, 'Alice. \'And where HAVE my shoulders got to? And oh, I wish you would have called him a fish)--and rapped loudly at the Mouse\'s tail; \'but why do you know about it, you may nurse it a.', 97.00, 32.00, 365, 3, 9, 73.00, 19, 45, 17, 56.00, 20, 13, 84.00, 33.00, 38.00, 4, 25.00, 19, 'Aut.', 'Sint id.', 'Aut enim.', 'Nostrum.', 95.00, 9, 'Est aut.', 'Corrupti.', 14.00, 7, 11, 1, 1, NULL, '2023-10-16 15:20:30', '2023-10-16 15:20:30', NULL);
INSERT INTO `products` VALUES (24, 27, 54, 'Aut qui commodi totam veritatis ipsum quidem.', 'aut-qui-commodi-totam-veritatis-ipsum-quidem', 'https://via.placeholder.com/640x480.png/00bbcc?text=modi', NULL, NULL, 'And when I learn music.\' \'Ah! that accounts for it,\' said the Hatter. \'I told you butter wouldn\'t suit the works!\' he added looking angrily at the window, and one foot up the conversation.', 75.00, 55.00, 487, 18, 6, 30.00, 27, 47, 16, 57.00, 16, 1, 36.00, 89.00, 63.00, 13, 27.00, 6, 'Et.', 'Velit.', 'Adipisci.', 'Qui qui.', 47.00, 11, 'Id.', 'Vero.', 58.00, 23, 13, 1, 1, NULL, '2023-10-16 15:20:30', '2023-10-16 15:20:30', NULL);
INSERT INTO `products` VALUES (25, 7, 33563, 'Corrupti corrupti aut consectetur.', 'corrupti-corrupti-aut-consectetur', 'https://via.placeholder.com/640x480.png/004499?text=numquam', NULL, NULL, 'Alice, (she had grown so large a house, that she began thinking over all she could remember them, all these changes are! I\'m never sure what I\'m going to say,\' said the King replied. Here.', 12.00, 21.00, 430, 3, 5, 13.00, 17, 28, 11, 24.00, 18, 1, 11.00, 73.00, 80.00, 25, 66.00, 22, 'Quo.', 'Esse.', 'Amet ea.', 'Totam qui.', 26.00, 24, 'Id.', 'Ut rerum.', 32.00, 26, 5, 1, 1, NULL, '2023-10-16 15:20:30', '2023-10-16 15:20:30', NULL);
INSERT INTO `products` VALUES (26, 23, 63985, 'Qui sint sed quae maiores provident aut.', 'qui-sint-sed-quae-maiores-provident-aut', 'https://via.placeholder.com/640x480.png/00ee77?text=possimus', NULL, NULL, 'Alice alone with the lobsters to the jury, of course--\"I GAVE HER ONE, THEY GAVE HIM TWO--\" why, that must be the best plan.\' It sounded an excellent opportunity for making her escape; so.', 87.00, 99.00, 551, 13, 12, 97.00, 4, 42, 29, 72.00, 23, 6, 77.00, 64.00, 46.00, 21, 30.00, 18, 'Eos.', 'Et et.', 'Est omnis.', 'Fugiat.', 23.00, 7, 'Numquam.', 'Quas quae.', 89.00, 6, 26, 1, 1, NULL, '2023-10-16 15:20:30', '2023-10-16 15:20:30', NULL);
INSERT INTO `products` VALUES (27, 26, 21730, 'Dolorum reprehenderit et consequuntur impedit.', 'dolorum-reprehenderit-et-consequuntur-impedit', 'https://via.placeholder.com/640x480.png/007733?text=animi', NULL, NULL, 'Queen of Hearts, he stole those tarts, And took them quite away!\' \'Consider your verdict,\' he said in an impatient tone: \'explanations take such a puzzled expression that she looked up.', 38.00, 67.00, 962, 21, 10, 49.00, 19, 29, 8, 11.00, 10, 14, 28.00, 43.00, 66.00, 18, 86.00, 17, 'Et.', 'Enim.', 'Minus.', 'Ducimus.', 75.00, 26, 'Qui enim.', 'Commodi.', 45.00, 17, 23, 1, 1, NULL, '2023-10-16 15:20:30', '2023-10-16 15:20:30', NULL);
INSERT INTO `products` VALUES (28, 1, 6, 'Perferendis facere aut rerum.', 'perferendis-facere-aut-rerum', 'https://via.placeholder.com/640x480.png/005522?text=neque', NULL, NULL, 'I must have been changed for any of them. \'I\'m sure I\'m not Ada,\' she said, as politely as she spoke--fancy CURTSEYING as you\'re falling through the air! Do you think you\'re changed, do.', 81.00, 31.00, 138, 21, 13, 54.00, 5, 67, 22, 82.00, 29, 10, 97.00, 94.00, 33.00, 11, 59.00, 19, 'Quos.', 'Quisquam.', 'Est sed.', 'Accusamus.', 30.00, 13, 'Rerum.', 'Labore.', 49.00, 10, 14, 1, 1, NULL, '2023-10-16 15:20:30', '2023-10-16 15:20:30', NULL);
INSERT INTO `products` VALUES (29, 19, 112743, 'Nesciunt perferendis rerum rerum eveniet.', 'nesciunt-perferendis-rerum-rerum-eveniet', 'https://via.placeholder.com/640x480.png/0022bb?text=quia', NULL, NULL, 'Dormouse. \'Don\'t talk nonsense,\' said Alice sharply, for she had brought herself down to the door, staring stupidly up into hers--she could hear the very middle of one! There ought to be.', 36.00, 66.00, 393, 22, 30, 49.00, 26, 98, 8, 49.00, 23, 9, 84.00, 36.00, 43.00, 4, 58.00, 12, 'Quia.', 'Ut et ex.', 'Voluptas.', 'Illo.', 50.00, 7, 'Deleniti.', 'Ut.', 42.00, 28, 2, 1, 1, NULL, '2023-10-16 15:20:30', '2023-10-16 15:20:30', NULL);
INSERT INTO `products` VALUES (30, 22, 23577, 'Qui aut non magni omnis numquam esse autem.', 'qui-aut-non-magni-omnis-numquam-esse-autem', 'https://via.placeholder.com/640x480.png/003366?text=sed', NULL, NULL, 'Alice could see it trying in a day did you ever eat a bat?\' when suddenly, thump! thump! down she came suddenly upon an open place, with a little glass box that was trickling down his.', 94.00, 57.00, 647, 26, 6, 80.00, 7, 38, 25, 78.00, 24, 11, 79.00, 54.00, 31.00, 9, 15.00, 2, 'Ea.', 'Molestiae.', 'Beatae.', 'Ea quis.', 66.00, 30, 'Occaecati.', 'Ut.', 98.00, 23, 20, 1, 1, NULL, '2023-10-16 15:20:30', '2023-10-16 15:20:30', NULL);
INSERT INTO `products` VALUES (31, 17, 1024, 'Tenetur et rerum non.', 'tenetur-et-rerum-non', 'https://via.placeholder.com/640x480.png/00ddee?text=sunt', NULL, NULL, 'Alice could see it trying in a minute. Alice began to say which), and they can\'t prove I did: there\'s no harm in trying.\' So she stood watching them, and he says it\'s so useful, it\'s worth.', 76.00, 67.00, 434, 16, 2, 11.00, 12, 43, 26, 56.00, 15, 4, 69.00, 99.00, 69.00, 29, 26.00, 28, 'Iste.', 'Soluta.', 'Est.', 'Rem.', 83.00, 23, 'Tenetur.', 'Non velit.', 24.00, 21, 21, 1, 1, NULL, '2023-10-16 15:20:30', '2023-10-16 15:20:30', NULL);
INSERT INTO `products` VALUES (32, 3, 49380, 'Atque qui id aut voluptatem.', 'atque-qui-id-aut-voluptatem', 'https://via.placeholder.com/640x480.png/00ccff?text=repellendus', NULL, NULL, 'White Rabbit put on his spectacles and looked anxiously at the March Hare. \'It was a paper label, with the Gryphon. \'They can\'t have anything to say, she simply bowed, and took the.', 12.00, 38.00, 279, 2, 27, 32.00, 6, 51, 16, 79.00, 17, 10, 84.00, 62.00, 98.00, 29, 31.00, 23, 'Ea.', 'Minima.', 'Aliquam.', 'Nostrum.', 59.00, 12, 'Dolorem.', 'Neque et.', 74.00, 6, 3, 1, 1, NULL, '2023-10-16 15:20:30', '2023-10-16 15:20:30', NULL);
INSERT INTO `products` VALUES (33, 16, 467, 'Ex consequatur necessitatibus officia nisi non.', 'ex-consequatur-necessitatibus-officia-nisi-non', 'https://via.placeholder.com/640x480.png/002233?text=quis', NULL, NULL, 'All the time she saw maps and pictures hung upon pegs. She took down a very fine day!\' said a whiting before.\' \'I can tell you his history,\' As they walked off together, Alice heard it.', 37.00, 68.00, 16, 30, 21, 70.00, 21, 30, 15, 24.00, 9, 15, 96.00, 88.00, 36.00, 6, 56.00, 13, 'Ut.', 'Provident.', 'Saepe non.', 'Et ut.', 62.00, 14, 'Ut totam.', 'Eos.', 42.00, 24, 8, 1, 1, NULL, '2023-10-16 15:20:30', '2023-10-16 15:20:30', NULL);
INSERT INTO `products` VALUES (34, 17, 423, 'Non accusantium quia accusamus nam in eos.', 'non-accusantium-quia-accusamus-nam-in-eos', 'https://via.placeholder.com/640x480.png/00aa66?text=voluptatem', NULL, NULL, 'This question the Dodo could not possibly reach it: she could even make out that one of them hit her in such long ringlets, and mine doesn\'t go in at all?\' said Alice, swallowing down her.', 35.00, 44.00, 142, 24, 25, 92.00, 10, 20, 12, 34.00, 27, 8, 75.00, 65.00, 71.00, 14, 88.00, 4, 'Quia.', 'Vitae id.', 'Ullam.', 'Pariatur.', 32.00, 30, 'Ea quia.', 'Ducimus.', 28.00, 21, 23, 1, 1, NULL, '2023-10-16 15:20:30', '2023-10-16 15:20:30', NULL);
INSERT INTO `products` VALUES (35, 6, 773225, 'Nobis non asperiores dolor est nesciunt dolorum.', 'nobis-non-asperiores-dolor-est-nesciunt-dolorum', 'https://via.placeholder.com/640x480.png/00eedd?text=quibusdam', NULL, NULL, 'March Hare. Alice was beginning to feel which way it was impossible to say than his first remark, \'It was the BEST butter,\' the March Hare will be the use of repeating all that green stuff.', 48.00, 70.00, 698, 20, 27, 55.00, 3, 46, 5, 16.00, 14, 26, 62.00, 22.00, 43.00, 6, 42.00, 16, 'Non.', 'Aut et.', 'Delectus.', 'Assumenda.', 42.00, 24, 'Rerum rem.', 'Veritatis.', 73.00, 2, 27, 1, 1, NULL, '2023-10-16 15:20:30', '2023-10-16 15:20:30', NULL);
INSERT INTO `products` VALUES (36, 8, 91556291, 'Eos officia tenetur officiis dicta.', 'eos-officia-tenetur-officiis-dicta', 'https://via.placeholder.com/640x480.png/007711?text=aut', NULL, NULL, 'Duchess. \'Everything\'s got a moral, if only you can find them.\' As she said to herself, \'Why, they\'re only a child!\' The Queen had only one who had spoken first. \'That\'s none of them at.', 34.00, 80.00, 70, 11, 12, 43.00, 17, 58, 19, 57.00, 29, 7, 49.00, 26.00, 38.00, 22, 15.00, 13, 'Eum.', 'Omnis hic.', 'Aut quae.', 'Aut nam.', 65.00, 5, 'In aut id.', 'Esse ad.', 26.00, 3, 23, 1, 1, NULL, '2023-10-16 15:20:30', '2023-10-16 15:20:30', NULL);
INSERT INTO `products` VALUES (37, 23, 700567554, 'Deserunt ipsa omnis a vel deserunt nostrum.', 'deserunt-ipsa-omnis-a-vel-deserunt-nostrum', 'https://via.placeholder.com/640x480.png/003355?text=et', NULL, NULL, 'Hatter, \'when the Queen was to eat her up in great disgust, and walked a little ledge of rock, and, as there was no longer to be an advantage,\' said Alice, as she did not quite like the.', 79.00, 85.00, 240, 7, 12, 16.00, 30, 74, 20, 16.00, 18, 21, 31.00, 17.00, 90.00, 8, 89.00, 13, 'Enim.', 'Modi iure.', 'Molestias.', 'Voluptas.', 84.00, 12, 'Error.', 'Alias.', 58.00, 20, 6, 1, 1, NULL, '2023-10-16 15:20:30', '2023-10-16 15:20:30', NULL);
INSERT INTO `products` VALUES (38, 11, 9119992, 'Maiores ut inventore officiis est.', 'maiores-ut-inventore-officiis-est', 'https://via.placeholder.com/640x480.png/00ee88?text=qui', NULL, NULL, 'I can\'t remember,\' said the Dormouse: \'not in that ridiculous fashion.\' And he got up and say \"Who am I to do THAT in a voice sometimes choked with sobs, to sing this:-- \'Beautiful Soup.', 75.00, 31.00, 483, 4, 19, 21.00, 21, 44, 21, 50.00, 9, 18, 76.00, 21.00, 37.00, 22, 36.00, 15, 'Id.', 'Ut quia.', 'Quo ipsam.', 'Velit nam.', 36.00, 4, 'Quo.', 'Qui quia.', 58.00, 8, 1, 1, 1, NULL, '2023-10-16 15:20:30', '2023-10-16 15:20:30', NULL);
INSERT INTO `products` VALUES (39, 10, 21006249, 'Voluptatibus omnis suscipit in dolores tenetur.', 'voluptatibus-omnis-suscipit-in-dolores-tenetur', 'https://via.placeholder.com/640x480.png/00ff55?text=accusantium', NULL, NULL, 'White Rabbit; \'in fact, there\'s nothing written on the same size for ten minutes together!\' \'Can\'t remember WHAT things?\' said the King. The White Rabbit put on her toes when they met in.', 84.00, 89.00, 330, 8, 27, 17.00, 19, 89, 19, 83.00, 10, 3, 27.00, 55.00, 19.00, 18, 30.00, 26, 'Quod.', 'Qui eos.', 'Et dolore.', 'Et et.', 91.00, 14, 'Omnis sit.', 'Magni eos.', 35.00, 11, 9, 1, 1, NULL, '2023-10-16 15:20:30', '2023-10-16 15:20:30', NULL);
INSERT INTO `products` VALUES (40, 13, 3583268, 'Illo tempore magnam amet.', 'illo-tempore-magnam-amet', 'https://via.placeholder.com/640x480.png/003366?text=quasi', NULL, NULL, 'Hatter. He had been (Before she had finished, her sister sat still and said nothing. \'This here young lady,\' said the Dodo. Then they both bowed low, and their curls got entangled.', 44.00, 41.00, 921, 14, 16, 27.00, 13, 86, 13, 63.00, 7, 30, 24.00, 39.00, 40.00, 26, 51.00, 27, 'Non.', 'Mollitia.', 'Vitae et.', 'Unde.', 76.00, 27, 'Iste.', 'Sapiente.', 33.00, 22, 4, 1, 1, NULL, '2023-10-16 15:20:30', '2023-10-16 15:20:30', NULL);
INSERT INTO `products` VALUES (41, 2, 10853581, 'Nulla optio laudantium quos nisi voluptatibus.', 'nulla-optio-laudantium-quos-nisi-voluptatibus', 'https://via.placeholder.com/640x480.png/0000aa?text=aut', NULL, NULL, 'Rabbit began. Alice gave a look askance-- Said he thanked the whiting kindly, but he would not stoop? Soup of the ground.\' So she tucked her arm affectionately into Alice\'s, and they.', 35.00, 13.00, 334, 20, 16, 79.00, 10, 18, 15, 40.00, 17, 9, 78.00, 45.00, 30.00, 10, 83.00, 16, 'Odit.', 'Quam.', 'Delectus.', 'Ut eum.', 53.00, 21, 'Aut.', 'Aut.', 28.00, 12, 20, 1, 1, NULL, '2023-10-16 15:20:30', '2023-10-16 15:20:30', NULL);
INSERT INTO `products` VALUES (42, 17, 86628919, 'Nihil voluptatem cumque sapiente et.', 'nihil-voluptatem-cumque-sapiente-et', 'https://via.placeholder.com/640x480.png/003311?text=laudantium', NULL, NULL, 'I\'ll look first,\' she said, without opening its eyes, for it was getting so far off). \'Oh, my poor little thing howled so, that Alice could hear the words:-- \'I speak severely to my boy, I.', 25.00, 49.00, 470, 6, 19, 16.00, 9, 36, 1, 18.00, 2, 1, 92.00, 61.00, 22.00, 7, 59.00, 16, 'Est.', 'Quasi.', 'Et qui.', 'Vero.', 74.00, 5, 'Velit.', 'Labore.', 49.00, 29, 4, 1, 1, NULL, '2023-10-16 15:20:30', '2023-10-16 15:20:30', NULL);
INSERT INTO `products` VALUES (43, 5, 5187360, 'Laudantium omnis officia architecto ut in.', 'laudantium-omnis-officia-architecto-ut-in', 'https://via.placeholder.com/640x480.png/0088ff?text=totam', NULL, NULL, 'Alice. \'That\'s very curious.\' \'It\'s all her riper years, the simple and loving heart of her knowledge. \'Just think of any one; so, when the race was over. However, when they saw Alice.', 58.00, 81.00, 183, 27, 12, 53.00, 21, 94, 6, 55.00, 10, 10, 18.00, 84.00, 48.00, 25, 99.00, 27, 'Vel.', 'Sint.', 'Excepturi.', 'Et aut.', 51.00, 19, 'Ad.', 'Qui sint.', 83.00, 12, 14, 1, 1, NULL, '2023-10-16 15:20:30', '2023-10-16 15:20:30', NULL);
INSERT INTO `products` VALUES (44, 20, 69441, 'Excepturi voluptatibus ab et non.', 'excepturi-voluptatibus-ab-et-non', 'https://via.placeholder.com/640x480.png/008877?text=nulla', NULL, NULL, 'March Hare, who had been running half an hour or so, and giving it something out of the guinea-pigs cheered, and was looking up into the book her sister sat still and said \'No, never\').', 68.00, 29.00, 300, 27, 8, 77.00, 18, 75, 23, 71.00, 20, 22, 36.00, 81.00, 72.00, 26, 43.00, 25, 'Non.', 'Harum.', 'Aut nulla.', 'Aut.', 36.00, 27, 'Ea aut.', 'Velit.', 61.00, 1, 18, 1, 1, NULL, '2023-10-16 15:20:30', '2023-10-16 15:20:30', NULL);
INSERT INTO `products` VALUES (45, 27, 851, 'Harum id ullam quo necessitatibus a sed fuga.', 'harum-id-ullam-quo-necessitatibus-a-sed-fuga', 'https://via.placeholder.com/640x480.png/0099aa?text=aut', NULL, NULL, 'Kings and Queens, and among them Alice recognised the White Rabbit was still in sight, hurrying down it. There was a general chorus of \'There goes Bill!\' then the Rabbit\'s voice; and Alice.', 46.00, 31.00, 294, 16, 8, 37.00, 1, 77, 17, 10.00, 4, 10, 60.00, 36.00, 20.00, 7, 54.00, 10, 'Et.', 'Dolorum.', 'Optio.', 'Facilis.', 30.00, 27, 'Accusamus.', 'Autem et.', 98.00, 14, 21, 1, 1, NULL, '2023-10-16 15:20:30', '2023-10-16 15:20:30', NULL);
INSERT INTO `products` VALUES (46, 20, 27413592, 'Est culpa laudantium inventore aut.', 'est-culpa-laudantium-inventore-aut', 'https://via.placeholder.com/640x480.png/003399?text=similique', NULL, NULL, 'Alice went on planning to herself in the pool, and the arm that was trickling down his brush, and had just succeeded in bringing herself down to the beginning again?\' Alice ventured to.', 96.00, 87.00, 320, 5, 3, 13.00, 12, 9, 13, 84.00, 27, 14, 74.00, 71.00, 70.00, 30, 76.00, 2, 'Ut.', 'Esse et.', 'Dolor.', 'Ad.', 10.00, 18, 'Quae quia.', 'Alias.', 61.00, 1, 27, 1, 1, NULL, '2023-10-16 15:20:30', '2023-10-16 15:20:30', NULL);
INSERT INTO `products` VALUES (47, 26, 59942, 'Dolor quaerat cupiditate qui tempora eaque ad.', 'dolor-quaerat-cupiditate-qui-tempora-eaque-ad', 'https://via.placeholder.com/640x480.png/0000ff?text=iusto', NULL, NULL, 'Queen?\' said the Mock Turtle, capering wildly about. \'Change lobsters again!\' yelled the Gryphon in an offended tone, \'was, that the Queen said to the Dormouse, without considering at all.', 56.00, 96.00, 405, 24, 6, 41.00, 9, 95, 6, 56.00, 20, 13, 84.00, 99.00, 31.00, 28, 37.00, 24, 'Eum.', 'Officia.', 'Minus et.', 'Expedita.', 71.00, 23, 'Veniam.', 'Incidunt.', 59.00, 7, 27, 1, 1, NULL, '2023-10-16 15:20:30', '2023-10-16 15:20:30', NULL);
INSERT INTO `products` VALUES (48, 14, 279057640, 'Reiciendis aut non perferendis eligendi.', 'reiciendis-aut-non-perferendis-eligendi', 'https://via.placeholder.com/640x480.png/008888?text=ut', NULL, NULL, 'Gryphon is, look at all fairly,\' Alice began, in a melancholy air, and, after waiting till she got into the garden, where Alice could only hear whispers now and then, \'we went to school in.', 67.00, 92.00, 162, 4, 19, 64.00, 25, 57, 15, 49.00, 17, 25, 19.00, 45.00, 23.00, 11, 21.00, 21, 'Est.', 'Totam.', 'Mollitia.', 'Magni.', 83.00, 13, 'Ex aut ut.', 'Tempore.', 74.00, 9, 19, 1, 1, NULL, '2023-10-16 15:20:30', '2023-10-16 15:20:30', NULL);
INSERT INTO `products` VALUES (49, 27, 539414995, 'Qui nihil quae velit quasi.', 'qui-nihil-quae-velit-quasi', 'https://via.placeholder.com/640x480.png/005588?text=voluptatem', NULL, NULL, 'Shark, But, when the Rabbit began. Alice gave a look askance-- Said he thanked the whiting kindly, but he could go. Alice took up the chimney, has he?\' said Alice indignantly. \'Ah! then.', 87.00, 21.00, 528, 29, 21, 80.00, 4, 8, 25, 99.00, 17, 30, 38.00, 24.00, 37.00, 22, 12.00, 8, 'Aut.', 'Neque.', 'Nam.', 'Dolorem.', 36.00, 11, 'Quo sequi.', 'Voluptas.', 46.00, 20, 9, 1, 1, NULL, '2023-10-16 15:20:30', '2023-10-16 15:20:30', NULL);
INSERT INTO `products` VALUES (50, 21, 55913, 'Ut saepe nihil qui optio sed.', 'ut-saepe-nihil-qui-optio-sed', 'https://via.placeholder.com/640x480.png/000044?text=consequatur', NULL, NULL, 'Alice. \'Did you speak?\' \'Not I!\' said the March Hare: she thought it would be only rustling in the flurry of the lefthand bit of stick, and held out its arms and legs in all my limbs very.', 49.00, 85.00, 547, 8, 29, 68.00, 25, 56, 7, 12.00, 16, 11, 10.00, 84.00, 99.00, 12, 16.00, 5, 'Ex.', 'Hic fugit.', 'Possimus.', 'Et sint.', 89.00, 9, 'Accusamus.', 'Ab.', 65.00, 1, 12, 1, 1, NULL, '2023-10-16 15:20:30', '2023-10-16 15:20:30', NULL);

-- ----------------------------
-- Table structure for thread_densities
-- ----------------------------
DROP TABLE IF EXISTS `thread_densities`;
CREATE TABLE `thread_densities`  (
  `id` bigint(0) UNSIGNED NOT NULL AUTO_INCREMENT,
  `name` varchar(100) CHARACTER SET utf8mb4 COLLATE utf8mb4_unicode_ci NOT NULL,
  `slug` varchar(1000) CHARACTER SET utf8mb4 COLLATE utf8mb4_unicode_ci NOT NULL,
  `created_by` bigint(0) UNSIGNED NULL DEFAULT NULL,
  `updated_by` bigint(0) UNSIGNED NULL DEFAULT NULL,
  `deleted_by` bigint(0) UNSIGNED NULL DEFAULT NULL,
  `created_at` timestamp(0) NULL DEFAULT NULL,
  `updated_at` timestamp(0) NULL DEFAULT NULL,
  `deleted_at` timestamp(0) NULL DEFAULT NULL,
  PRIMARY KEY (`id`) USING BTREE
) ENGINE = MyISAM AUTO_INCREMENT = 31 CHARACTER SET = utf8mb4 COLLATE = utf8mb4_unicode_ci ROW_FORMAT = Dynamic;

-- ----------------------------
-- Records of thread_densities
-- ----------------------------
INSERT INTO `thread_densities` VALUES (1, 'Eveniet.', 'eveniet', 1, 1, NULL, '2023-10-16 15:20:29', '2023-10-16 15:20:29', NULL);
INSERT INTO `thread_densities` VALUES (2, 'Cum.', 'cum', 1, 1, NULL, '2023-10-16 15:20:29', '2023-10-16 15:20:29', NULL);
INSERT INTO `thread_densities` VALUES (3, 'Esse non.', 'esse-non', 1, 1, NULL, '2023-10-16 15:20:29', '2023-10-16 15:20:29', NULL);
INSERT INTO `thread_densities` VALUES (4, 'Aut.', 'aut', 1, 1, NULL, '2023-10-16 15:20:29', '2023-10-16 15:20:29', NULL);
INSERT INTO `thread_densities` VALUES (5, 'Dolores.', 'dolores', 1, 1, NULL, '2023-10-16 15:20:29', '2023-10-16 15:20:29', NULL);
INSERT INTO `thread_densities` VALUES (6, 'Unde ut.', 'unde-ut', 1, 1, NULL, '2023-10-16 15:20:29', '2023-10-16 15:20:29', NULL);
INSERT INTO `thread_densities` VALUES (7, 'Quibusdam.', 'quibusdam', 1, 1, NULL, '2023-10-16 15:20:29', '2023-10-16 15:20:29', NULL);
INSERT INTO `thread_densities` VALUES (8, 'Alias.', 'alias', 1, 1, NULL, '2023-10-16 15:20:29', '2023-10-16 15:20:29', NULL);
INSERT INTO `thread_densities` VALUES (9, 'Id.', 'id', 1, 1, NULL, '2023-10-16 15:20:29', '2023-10-16 15:20:29', NULL);
INSERT INTO `thread_densities` VALUES (10, 'Deleniti.', 'deleniti', 1, 1, NULL, '2023-10-16 15:20:29', '2023-10-16 15:20:29', NULL);
INSERT INTO `thread_densities` VALUES (11, 'At.', 'at', 1, 1, NULL, '2023-10-16 15:20:29', '2023-10-16 15:20:29', NULL);
INSERT INTO `thread_densities` VALUES (12, 'Rerum.', 'rerum', 1, 1, NULL, '2023-10-16 15:20:29', '2023-10-16 15:20:29', NULL);
INSERT INTO `thread_densities` VALUES (13, 'Soluta.', 'soluta', 1, 1, NULL, '2023-10-16 15:20:29', '2023-10-16 15:20:29', NULL);
INSERT INTO `thread_densities` VALUES (14, 'Harum.', 'harum', 1, 1, NULL, '2023-10-16 15:20:29', '2023-10-16 15:20:29', NULL);
INSERT INTO `thread_densities` VALUES (15, 'Est enim.', 'est-enim', 1, 1, NULL, '2023-10-16 15:20:29', '2023-10-16 15:20:29', NULL);
INSERT INTO `thread_densities` VALUES (16, 'Quis.', 'quis', 1, 1, NULL, '2023-10-16 15:20:29', '2023-10-16 15:20:29', NULL);
INSERT INTO `thread_densities` VALUES (17, 'Totam aut.', 'totam-aut', 1, 1, NULL, '2023-10-16 15:20:29', '2023-10-16 15:20:29', NULL);
INSERT INTO `thread_densities` VALUES (18, 'Ab.', 'ab', 1, 1, NULL, '2023-10-16 15:20:29', '2023-10-16 15:20:29', NULL);
INSERT INTO `thread_densities` VALUES (19, 'Molestias.', 'molestias', 1, 1, NULL, '2023-10-16 15:20:29', '2023-10-16 15:20:29', NULL);
INSERT INTO `thread_densities` VALUES (20, 'Eveniet.', 'eveniet-1', 1, 1, NULL, '2023-10-16 15:20:29', '2023-10-16 15:20:29', NULL);
INSERT INTO `thread_densities` VALUES (21, 'Repellat.', 'repellat', 1, 1, NULL, '2023-10-16 15:20:29', '2023-10-16 15:20:29', NULL);
INSERT INTO `thread_densities` VALUES (22, 'Magni.', 'magni', 1, 1, NULL, '2023-10-16 15:20:29', '2023-10-16 15:20:29', NULL);
INSERT INTO `thread_densities` VALUES (23, 'Sunt.', 'sunt', 1, 1, NULL, '2023-10-16 15:20:29', '2023-10-16 15:20:29', NULL);
INSERT INTO `thread_densities` VALUES (24, 'Sit dolor.', 'sit-dolor', 1, 1, NULL, '2023-10-16 15:20:29', '2023-10-16 15:20:29', NULL);
INSERT INTO `thread_densities` VALUES (25, 'Ab.', 'ab-1', 1, 1, NULL, '2023-10-16 15:20:29', '2023-10-16 15:20:29', NULL);
INSERT INTO `thread_densities` VALUES (26, 'Aut iusto.', 'aut-iusto', 1, 1, NULL, '2023-10-16 15:20:29', '2023-10-16 15:20:29', NULL);
INSERT INTO `thread_densities` VALUES (27, 'Aut nemo.', 'aut-nemo', 1, 1, NULL, '2023-10-16 15:20:29', '2023-10-16 15:20:29', NULL);
INSERT INTO `thread_densities` VALUES (28, 'Modi.', 'modi', 1, 1, NULL, '2023-10-16 15:20:29', '2023-10-16 15:20:29', NULL);
INSERT INTO `thread_densities` VALUES (29, 'Qui.', 'qui', 1, 1, NULL, '2023-10-16 15:20:29', '2023-10-16 15:20:29', NULL);
INSERT INTO `thread_densities` VALUES (30, 'Ad natus.', 'ad-natus', 1, 1, NULL, '2023-10-16 15:20:29', '2023-10-16 15:20:29', NULL);

-- ----------------------------
-- Table structure for thread_directions
-- ----------------------------
DROP TABLE IF EXISTS `thread_directions`;
CREATE TABLE `thread_directions`  (
  `id` bigint(0) UNSIGNED NOT NULL AUTO_INCREMENT,
  `name` varchar(100) CHARACTER SET utf8mb4 COLLATE utf8mb4_unicode_ci NOT NULL,
  `slug` varchar(1000) CHARACTER SET utf8mb4 COLLATE utf8mb4_unicode_ci NOT NULL,
  `created_by` bigint(0) UNSIGNED NULL DEFAULT NULL,
  `updated_by` bigint(0) UNSIGNED NULL DEFAULT NULL,
  `deleted_by` bigint(0) UNSIGNED NULL DEFAULT NULL,
  `created_at` timestamp(0) NULL DEFAULT NULL,
  `updated_at` timestamp(0) NULL DEFAULT NULL,
  `deleted_at` timestamp(0) NULL DEFAULT NULL,
  PRIMARY KEY (`id`) USING BTREE
) ENGINE = MyISAM AUTO_INCREMENT = 31 CHARACTER SET = utf8mb4 COLLATE = utf8mb4_unicode_ci ROW_FORMAT = Dynamic;

-- ----------------------------
-- Records of thread_directions
-- ----------------------------
INSERT INTO `thread_directions` VALUES (1, 'Dolor.', 'dolor', 1, 1, NULL, '2023-10-16 15:20:29', '2023-10-16 15:20:29', NULL);
INSERT INTO `thread_directions` VALUES (2, 'Qui ab.', 'qui-ab', 1, 1, NULL, '2023-10-16 15:20:29', '2023-10-16 15:20:29', NULL);
INSERT INTO `thread_directions` VALUES (3, 'Quibusdam.', 'quibusdam', 1, 1, NULL, '2023-10-16 15:20:29', '2023-10-16 15:20:29', NULL);
INSERT INTO `thread_directions` VALUES (4, 'Et.', 'et', 1, 1, NULL, '2023-10-16 15:20:29', '2023-10-16 15:20:29', NULL);
INSERT INTO `thread_directions` VALUES (5, 'Animi.', 'animi', 1, 1, NULL, '2023-10-16 15:20:29', '2023-10-16 15:20:29', NULL);
INSERT INTO `thread_directions` VALUES (6, 'Corrupti.', 'corrupti', 1, 1, NULL, '2023-10-16 15:20:29', '2023-10-16 15:20:29', NULL);
INSERT INTO `thread_directions` VALUES (7, 'Mollitia.', 'mollitia', 1, 1, NULL, '2023-10-16 15:20:29', '2023-10-16 15:20:29', NULL);
INSERT INTO `thread_directions` VALUES (8, 'Qui.', 'qui', 1, 1, NULL, '2023-10-16 15:20:29', '2023-10-16 15:20:29', NULL);
INSERT INTO `thread_directions` VALUES (9, 'Cum quia.', 'cum-quia', 1, 1, NULL, '2023-10-16 15:20:29', '2023-10-16 15:20:29', NULL);
INSERT INTO `thread_directions` VALUES (10, 'Possimus.', 'possimus', 1, 1, NULL, '2023-10-16 15:20:29', '2023-10-16 15:20:29', NULL);
INSERT INTO `thread_directions` VALUES (11, 'Officia.', 'officia', 1, 1, NULL, '2023-10-16 15:20:29', '2023-10-16 15:20:29', NULL);
INSERT INTO `thread_directions` VALUES (12, 'Officiis.', 'officiis', 1, 1, NULL, '2023-10-16 15:20:29', '2023-10-16 15:20:29', NULL);
INSERT INTO `thread_directions` VALUES (13, 'Quos.', 'quos', 1, 1, NULL, '2023-10-16 15:20:29', '2023-10-16 15:20:29', NULL);
INSERT INTO `thread_directions` VALUES (14, 'Aut.', 'aut', 1, 1, NULL, '2023-10-16 15:20:29', '2023-10-16 15:20:29', NULL);
INSERT INTO `thread_directions` VALUES (15, 'Quibusdam.', 'quibusdam-1', 1, 1, NULL, '2023-10-16 15:20:29', '2023-10-16 15:20:29', NULL);
INSERT INTO `thread_directions` VALUES (16, 'Ex dolor.', 'ex-dolor', 1, 1, NULL, '2023-10-16 15:20:29', '2023-10-16 15:20:29', NULL);
INSERT INTO `thread_directions` VALUES (17, 'Quae.', 'quae', 1, 1, NULL, '2023-10-16 15:20:29', '2023-10-16 15:20:29', NULL);
INSERT INTO `thread_directions` VALUES (18, 'Quam.', 'quam', 1, 1, NULL, '2023-10-16 15:20:29', '2023-10-16 15:20:29', NULL);
INSERT INTO `thread_directions` VALUES (19, 'Error.', 'error', 1, 1, NULL, '2023-10-16 15:20:29', '2023-10-16 15:20:29', NULL);
INSERT INTO `thread_directions` VALUES (20, 'Occaecati.', 'occaecati', 1, 1, NULL, '2023-10-16 15:20:29', '2023-10-16 15:20:29', NULL);
INSERT INTO `thread_directions` VALUES (21, 'Corrupti.', 'corrupti-1', 1, 1, NULL, '2023-10-16 15:20:29', '2023-10-16 15:20:29', NULL);
INSERT INTO `thread_directions` VALUES (22, 'Nihil ex.', 'nihil-ex', 1, 1, NULL, '2023-10-16 15:20:29', '2023-10-16 15:20:29', NULL);
INSERT INTO `thread_directions` VALUES (23, 'Est nulla.', 'est-nulla', 1, 1, NULL, '2023-10-16 15:20:29', '2023-10-16 15:20:29', NULL);
INSERT INTO `thread_directions` VALUES (24, 'Enim eum.', 'enim-eum', 1, 1, NULL, '2023-10-16 15:20:29', '2023-10-16 15:20:29', NULL);
INSERT INTO `thread_directions` VALUES (25, 'Iusto.', 'iusto', 1, 1, NULL, '2023-10-16 15:20:29', '2023-10-16 15:20:29', NULL);
INSERT INTO `thread_directions` VALUES (26, 'Aut hic.', 'aut-hic', 1, 1, NULL, '2023-10-16 15:20:29', '2023-10-16 15:20:29', NULL);
INSERT INTO `thread_directions` VALUES (27, 'Ut totam.', 'ut-totam', 1, 1, NULL, '2023-10-16 15:20:29', '2023-10-16 15:20:29', NULL);
INSERT INTO `thread_directions` VALUES (28, 'Vero.', 'vero', 1, 1, NULL, '2023-10-16 15:20:29', '2023-10-16 15:20:29', NULL);
INSERT INTO `thread_directions` VALUES (29, 'Qui.', 'qui-1', 1, 1, NULL, '2023-10-16 15:20:29', '2023-10-16 15:20:29', NULL);
INSERT INTO `thread_directions` VALUES (30, 'Quibusdam.', 'quibusdam-2', 1, 1, NULL, '2023-10-16 15:20:29', '2023-10-16 15:20:29', NULL);

-- ----------------------------
-- Table structure for types
-- ----------------------------
DROP TABLE IF EXISTS `types`;
CREATE TABLE `types`  (
  `id` bigint(0) UNSIGNED NOT NULL AUTO_INCREMENT,
  `category_id` bigint(0) UNSIGNED NOT NULL,
  `code` varchar(3) CHARACTER SET utf8mb4 COLLATE utf8mb4_unicode_ci NOT NULL,
  `name` varchar(100) CHARACTER SET utf8mb4 COLLATE utf8mb4_unicode_ci NOT NULL,
  `slug` varchar(1000) CHARACTER SET utf8mb4 COLLATE utf8mb4_unicode_ci NOT NULL,
  `description` varchar(2000) CHARACTER SET utf8mb4 COLLATE utf8mb4_unicode_ci NULL DEFAULT NULL,
  `created_by` bigint(0) UNSIGNED NULL DEFAULT NULL,
  `updated_by` bigint(0) UNSIGNED NULL DEFAULT NULL,
  `deleted_by` bigint(0) UNSIGNED NULL DEFAULT NULL,
  `deleted_at` timestamp(0) NULL DEFAULT NULL,
  `created_at` timestamp(0) NULL DEFAULT NULL,
  `updated_at` timestamp(0) NULL DEFAULT NULL,
  PRIMARY KEY (`id`) USING BTREE,
  INDEX `types_category_id_foreign`(`category_id`) USING BTREE
) ENGINE = MyISAM AUTO_INCREMENT = 41 CHARACTER SET = utf8mb4 COLLATE = utf8mb4_unicode_ci ROW_FORMAT = Dynamic;

-- ----------------------------
-- Records of types
-- ----------------------------
INSERT INTO `types` VALUES (1, 30, 'SFE', 'Ut veniam id maxime.', 'ut-veniam-id-maxime', 'Footman remarked, \'till tomorrow--\' At this moment Five, who had spoken first. \'That\'s none of them can explain it,\' said Alice very politely; but she gained courage as she had got its head to feel very sleepy and stupid), whether the pleasure of making a daisy-chain would be like, \'--for they haven\'t got much evidence YET,\' she said to a lobster--\' (Alice began to repeat it, but her head pressing against the ceiling, and had been to the executioner: \'fetch her here.\' And the Gryphon at the stick, and tumbled head over heels in its sleep \'Twinkle, twinkle, twinkle, twinkle--\' and went on in the sand with wooden spades, then a row of lamps hanging from the sky! Ugh, Serpent!\' \'But I\'m NOT a serpent, I tell you!\' But she did not like the look of it at all,\' said the Caterpillar, and the blades of grass, but she could not taste theirs, and the little golden key and hurried off at once and put it in a very little way out of the words have got into it), and handed them round as prizes. There was exactly three inches high). \'But I\'m NOT a serpent, I tell you, you coward!\' and at last it sat for a baby: altogether Alice did not look at them--\'I wish they\'d get the trial done,\' she thought, and it was good practice to say \'I once tasted--\' but checked herself hastily. \'I don\'t know where Dinn may be,\' said the Gryphon. \'Turn a somersault in the wood, \'is to grow up again! Let me see: I\'ll give them a railway station.) However, she got up this morning, but I can\'t see you?\' She was looking down with her arms folded, frowning like a sky-rocket!\' \'So you did, old fellow!\' said the Pigeon; \'but I know I have dropped them, I wonder?\' And here Alice began in a loud, indignant voice, but she did not at all the same, the next question is, Who in the lap of her hedgehog. The hedgehog was engaged in a pleased tone. \'Pray don\'t trouble yourself to say than his first remark, \'It was much pleasanter at home,\' thought poor Alice, that she still held the pieces of mushroom in her.', 1, 1, NULL, NULL, '2023-10-16 15:20:30', '2023-10-16 15:20:30');
INSERT INTO `types` VALUES (2, 17, 'PRN', 'Qui id vel quae neque.', 'qui-id-vel-quae-neque', 'WHAT things?\' said the King very decidedly, and the other side of WHAT? The other side of the Mock Turtle, who looked at the Hatter, and, just as well as pigs, and was going off into a small passage, not much surprised at this, she came in sight of the water, and seemed to Alice for some minutes. The Caterpillar and Alice was rather glad there WAS no one listening, this time, sat down in a piteous tone. And the Eaglet bent down its head down, and was going to shrink any further: she felt that she knew that were of the others looked round also, and all of them at last, and they walked off together, Alice heard the Rabbit noticed Alice, as she added, to herself, for this time the Queen to-day?\' \'I should like to have no sort of use in saying anything more till the puppy\'s bark sounded quite faint in the newspapers, at the top of his shrill little voice, the name of the thing at all. However, \'jury-men\' would have called him Tortoise because he was speaking, so that altogether, for the rest of the other was sitting between them, fast asleep, and the baby was howling so much surprised, that for two reasons. First, because I\'m on the same when I sleep\" is the same thing as \"I sleep when I sleep\" is the same thing as \"I get what I eat\" is the capital of Rome, and Rome--no, THAT\'S all wrong, I\'m certain! I must have been ill.\' \'So they were,\' said the Caterpillar. This was such a curious plan!\' exclaimed Alice. \'And be quick about it,\' added the Queen. \'Never!\' said the Duchess, as she fell very slowly, for she felt that she knew that it might not escape again, and she went hunting about, and called out in a VERY unpleasant state of mind, she turned away. \'Come back!\' the Caterpillar angrily, rearing itself upright as it was sneezing on the look-out for serpents night and day! Why, I wouldn\'t be so proud as all that.\' \'With extras?\' asked the Mock Turtle said: \'I\'m too stiff. And the Eaglet bent down its head down, and felt quite unhappy at the Cat\'s head began fading.', 1, 1, NULL, NULL, '2023-10-16 15:20:30', '2023-10-16 15:20:30');
INSERT INTO `types` VALUES (3, 18, 'OZF', 'Magni omnis et eum.', 'magni-omnis-et-eum', 'English coast you find a pleasure in all my limbs very supple By the use of a bottle. They all made a dreadfully ugly child: but it was done. They had not gone much farther before she got used to it as to bring but one; Bill\'s got to come before that!\' \'Call the next witness!\' said the Caterpillar. Here was another puzzling question; and as Alice could only hear whispers now and then hurried on, Alice started to her in such confusion that she was now the right size, that it might tell her something about the same tone, exactly as if she did so, and were quite silent, and looked at it, and burning with curiosity, she ran off as hard as he spoke, and added with a bound into the Dormouse\'s place, and Alice looked all round her, calling out in a low, weak voice. \'Now, I give you fair warning,\' shouted the Gryphon, and the great hall, with the Queen to-day?\' \'I should have liked teaching it tricks very much, if--if I\'d only been the right distance--but then I wonder what Latitude was, or Longitude I\'ve got to the whiting,\' said Alice, \'a great girl like you,\' (she might well say this), \'to go on with the day of the baby?\' said the White Rabbit, with a whiting. Now you know.\' It was, no doubt: only Alice did not like the look of it at all; however, she went in search of her or of anything to say, she simply bowed, and took the hookah out of court! Suppress him! Pinch him! Off with his whiskers!\' For some minutes it puffed away without being seen, when she had drunk half the bottle, saying to her that she wanted much to know, but the Dormouse go on for some time after the rest of the same words as before, \'It\'s all her life. Indeed, she had put on his knee, and looking at Alice the moment she appeared; but she had succeeded in getting its body tucked away, comfortably enough, under her arm, and timidly said \'Consider, my dear: she is of finding morals in things!\' Alice thought to herself, and shouted out, \'You\'d better not do that again!\' which produced another dead.', 1, 1, NULL, NULL, '2023-10-16 15:20:30', '2023-10-16 15:20:30');
INSERT INTO `types` VALUES (4, 30, 'CJU', 'Veniam est maxime nisi.', 'veniam-est-maxime-nisi', 'Hatter. \'It isn\'t a letter, written by the fire, licking her paws and washing her face--and she is of finding morals in things!\' Alice thought she might find another key on it, (\'which certainly was not much like keeping so close to them, they set to work throwing everything within her reach at the door of the words \'DRINK ME,\' but nevertheless she uncorked it and put it to make ONE respectable person!\' Soon her eye fell upon a low voice. \'Not at first, perhaps,\' said the Duchess; \'and most of \'em do.\' \'I don\'t think it\'s at all what had become of it; then Alice, thinking it was not a moment that it led into a pig,\' Alice quietly said, just as well. The twelve jurors were all locked; and when she looked up, and there was enough of it altogether; but after a pause: \'the reason is, that there\'s any one of the bread-and-butter. Just at this corner--No, tie \'em together first--they don\'t reach half high enough yet--Oh! they\'ll do next! If they had to run back into the court, \'Bring me the truth: did you manage to do this, so that her idea of the jury asked. \'That I can\'t remember,\' said the Footman. \'That\'s the reason so many out-of-the-way things to happen, that it had VERY long claws and a pair of white kid gloves, and she went on in the distance, and she heard the King put on his flappers, \'--Mystery, ancient and modern, with Seaography: then Drawling--the Drawling-master was an old crab, HE was.\' \'I never said I could say if I must, I must,\' the King triumphantly, pointing to the Cheshire Cat sitting on the floor, and a fan! Quick, now!\' And Alice was rather glad there WAS no one to listen to me! When I used to come down the chimney, and said \'No, never\') \'--so you can find them.\' As she said to the other side will make you grow taller, and the poor animal\'s feelings. \'I quite agree with you,\' said the King. \'Then it doesn\'t matter much,\' thought Alice, and tried to say anything. \'Why,\' said the King. \'Nearly two miles high,\' added the Gryphon, and all must have.', 1, 1, NULL, NULL, '2023-10-16 15:20:30', '2023-10-16 15:20:30');
INSERT INTO `types` VALUES (5, 7, 'BHV', 'Eveniet qui ea ab.', 'eveniet-qui-ea-ab', 'Let me think: was I the same thing as a last resource, she put them into a pig, my dear,\' said Alice, who felt ready to ask help of any that do,\' Alice hastily replied; \'at least--at least I know all the creatures order one about, and shouting \'Off with his nose Trims his belt and his buttons, and turns out his toes.\' [later editions continued as follows The Panther took pie-crust, and gravy, and meat, While the Owl had the best plan.\' It sounded an excellent plan, no doubt, and very soon had to stoop to save her neck kept getting entangled among the distant sobs of the moment how large she had succeeded in bringing herself down to nine inches high. CHAPTER VI. Pig and Pepper For a minute or two, it was too dark to see some meaning in it, and burning with curiosity, she ran off as hard as it went, as if he thought it over afterwards, it occurred to her full size by this time?\' she said to herself, in a soothing tone: \'don\'t be angry about it. And yet I don\'t like the look of things at all, at all!\' \'Do as I get SOMEWHERE,\' Alice added as an unusually large saucepan flew close by her. There was no longer to be talking in a voice sometimes choked with sobs, to sing \"Twinkle, twinkle, little bat! How I wonder who will put on her toes when they arrived, with a sudden burst of tears, \'I do wish they COULD! I\'m sure I don\'t know,\' he went on again: \'Twenty-four hours, I THINK; or is it I can\'t quite follow it as you are; secondly, because she was ever to get out of their hearing her; and when she first saw the White Rabbit, with a yelp of delight, and rushed at the righthand bit again, and all that,\' he said to Alice; and Alice rather unwillingly took the hookah out of sight, they were nowhere to be done, I wonder?\' As she said to herself, \'I wonder what they WILL do next! If they had to sing this:-- \'Beautiful Soup, so rich and green, Waiting in a frightened tone. \'The Queen will hear you! You see, she came upon a Gryphon, lying fast asleep in the other. \'I beg your.', 1, 1, NULL, NULL, '2023-10-16 15:20:30', '2023-10-16 15:20:30');
INSERT INTO `types` VALUES (6, 17, 'QTP', 'Vitae ut illum et rerum.', 'vitae-ut-illum-et-rerum', 'WOULD put their heads downward! The Antipathies, I think--\' (for, you see, because some of them even when they hit her; and the blades of grass, but she ran with all her life. Indeed, she had found the fan and gloves, and, as they were filled with cupboards and book-shelves; here and there. There was certainly English. \'I don\'t think--\' \'Then you should say \"With what porpoise?\"\' \'Don\'t you mean by that?\' said the Mock Turtle, suddenly dropping his voice; and Alice looked at them with large round eyes, and feebly stretching out one paw, trying to make ONE respectable person!\' Soon her eye fell on a little way out of sight; and an Eaglet, and several other curious creatures. Alice led the way, was the fan and gloves--that is, if I only wish they COULD! I\'m sure _I_ shan\'t be able! I shall never get to twenty at that rate! However, the Multiplication Table doesn\'t signify: let\'s try Geography. London is the same height as herself; and when she next peeped out the Fish-Footman was gone, and, by the officers of the words don\'t FIT you,\' said Alice, in a trembling voice, \'Let us get to twenty at that rate! However, the Multiplication Table doesn\'t signify: let\'s try the whole pack rose up into a sort of a well--\' \'What did they draw the treacle from?\' \'You can draw water out of breath, and said \'What else had you to learn?\' \'Well, there was a dispute going on rather better now,\' she added in a large ring, with the glass table as before, \'and things are worse than ever,\' thought the whole pack rose up into the teapot. \'At any rate he might answer questions.--How am I then? Tell me that first, and then, \'we went to school every day--\' \'I\'VE been to a snail. \"There\'s a porpoise close behind us, and he\'s treading on her toes when they saw her, they hurried back to them, they were gardeners, or soldiers, or courtiers, or three pairs of tiny white kid gloves and the Hatter said, tossing his head contemptuously. \'I dare say you never even spoke to Time!\' \'Perhaps not,\' Alice.', 1, 1, NULL, NULL, '2023-10-16 15:20:30', '2023-10-16 15:20:30');
INSERT INTO `types` VALUES (7, 18, 'YCO', 'Dolorum iusto alias non.', 'dolorum-iusto-alias-non', 'March Hare, who had been broken to pieces. \'Please, then,\' said the Duchess. An invitation from the time they were filled with tears again as quickly as she spoke; \'either you or your head must be Mabel after all, and I could shut up like a frog; and both the hedgehogs were out of sight before the officer could get away without being invited,\' said the Gryphon, and the others looked round also, and all her fancy, that: they never executes nobody, you know. Come on!\' \'Everybody says \"come on!\" here,\' thought Alice, and looking anxiously about as much as she could, for the hedgehogs; and in THAT direction,\' waving the other ladder?--Why, I hadn\'t drunk quite so much!\' Alas! it was as steady as ever; Yet you finished the goose, with the other side will make you a present of everything I\'ve said as yet.\' \'A cheap sort of present!\' thought Alice. \'Now we shall get on better.\' \'I\'d rather not,\' the Cat said, waving its right ear and left foot, so as to bring but one; Bill\'s got to the little door was shut again, and Alice was very provoking to find that she ran with all speed back to her: its face was quite surprised to find that she did not like to show you! A little bright-eyed terrier, you know, as we were. My notion was that it might tell her something about the whiting!\' \'Oh, as to bring but one; Bill\'s got the other--Bill! fetch it back!\' \'And who are THESE?\' said the King. \'Then it wasn\'t very civil of you to learn?\' \'Well, there was room for this, and after a minute or two she stood still where she was ever to get out again. The rabbit-hole went straight on like a tunnel for some time with the Mouse heard this, it turned a back-somersault in at the other, saying, in a natural way. \'I thought you did,\' said the cook. The King and the March Hare moved into the sea, though you mayn\'t believe it--\' \'I never went to the other arm curled round her head. \'If I eat one of them attempted to explain the paper. \'If there\'s no harm in trying.\' So she set to work shaking him.', 1, 1, NULL, NULL, '2023-10-16 15:20:30', '2023-10-16 15:20:30');
INSERT INTO `types` VALUES (8, 23, 'RWZ', 'Vel aut et et est.', 'vel-aut-et-et-est', 'The long grass rustled at her rather inquisitively, and seemed to have the experiment tried. \'Very true,\' said the Gryphon. \'I\'ve forgotten the Duchess by this time, and was surprised to find her way through the neighbouring pool--she could hear the Rabbit came near her, she began, in a hurried nervous manner, smiling at everything about her, to pass away the moment she felt that there was Mystery,\' the Mock Turtle: \'crumbs would all come wrong, and she went on in a very small cake, on which the wretched Hatter trembled so, that he shook his grey locks, \'I kept all my life!\' She had not got into a conversation. \'You don\'t know the way to hear her try and repeat something now. Tell her to speak again. The Mock Turtle\'s Story \'You can\'t think how glad I am very tired of being such a new kind of sob, \'I\'ve tried the roots of trees, and I\'ve tried banks, and I\'ve tried hedges,\' the Pigeon went on, without attending to her; \'but those serpents! There\'s no pleasing them!\' Alice was beginning to write with one finger; and the other players, and shouting \'Off with his nose, you know?\' \'It\'s the oldest rule in the distance. \'And yet what a Mock Turtle with a round face, and was going on shrinking rapidly: she soon made out the answer to shillings and pence. \'Take off your hat,\' the King added in an agony of terror. \'Oh, there goes his PRECIOUS nose\'; as an unusually large saucepan flew close by it, and they walked off together, Alice heard the Queen put on her spectacles, and began to get through the little passage: and THEN--she found herself safe in a tone of great relief. \'Call the next witness!\' said the Cat, as soon as the other.\' As soon as the other.\' As soon as look at a king,\' said Alice. \'I wonder how many hours a day is very confusing.\' \'It isn\'t,\' said the Footman. \'That\'s the most important piece of it at all; and I\'m sure she\'s the best thing to nurse--and she\'s such a dreadful time.\' So Alice began to tremble. Alice looked at it, busily painting them red.', 1, 1, NULL, NULL, '2023-10-16 15:20:30', '2023-10-16 15:20:30');
INSERT INTO `types` VALUES (9, 26, 'YEJ', 'Nulla ut et sint.', 'nulla-ut-et-sint', 'Rabbit began. Alice thought the whole cause, and condemn you to get in?\' asked Alice again, for she had expected: before she made it out again, so violently, that she was not here before,\' said Alice,) and round Alice, every now and then a row of lamps hanging from the time he was obliged to have lessons to learn! Oh, I shouldn\'t want YOURS: I don\'t like them!\' When the sands are all dry, he is gay as a last resource, she put it. She stretched herself up and rubbed its eyes: then it chuckled. \'What fun!\' said the King, \'that saves a world of trouble, you know, with oh, such long ringlets, and mine doesn\'t go in at all?\' said the Gryphon, half to herself, \'Why, they\'re only a mouse that had fallen into the air, I\'m afraid, sir\' said Alice, very earnestly. \'I\'ve had nothing yet,\' Alice replied thoughtfully. \'They have their tails in their proper places--ALL,\' he repeated with great curiosity, and this Alice would not join the dance? Will you, won\'t you join the dance. Would not, could not, would not open any of them. \'I\'m sure those are not the smallest idea how to begin.\' He looked anxiously over his shoulder as he said do. Alice looked round, eager to see if he thought it would be quite as safe to stay with it as well say that \"I see what would happen next. The first question of course had to kneel down on one knee as he spoke, and added with a little startled when she looked up and went to the heads of the pack, she could get away without being invited,\' said the March Hare. Alice was so large a house, that she wasn\'t a bit hurt, and she had nibbled some more tea,\' the Hatter replied. \'Of course it was,\' the March Hare, \'that \"I like what I should like to have the experiment tried. \'Very true,\' said the King. The next witness was the first day,\' said the Mock Turtle, capering wildly about. \'Change lobsters again!\' yelled the Gryphon as if it had finished this short speech, they all quarrel so dreadfully one can\'t hear oneself speak--and they don\'t give birthday.', 1, 1, NULL, NULL, '2023-10-16 15:20:30', '2023-10-16 15:20:30');
INSERT INTO `types` VALUES (10, 20, 'QSX', 'Id sit et sed odio.', 'id-sit-et-sed-odio', 'Because he knows it teases.\' CHORUS. (In which the March Hare said in a ring, and begged the Mouse only growled in reply. \'That\'s right!\' shouted the Queen, and in a voice she had forgotten the Duchess said after a few minutes it puffed away without being seen, when she found she could not stand, and she could not make out what she was out of breath, and till the Pigeon in a hoarse, feeble voice: \'I heard every word you fellows were saying.\' \'Tell us a story!\' said the youth, \'one would hardly suppose That your eye was as much use in crying like that!\' He got behind him, and very soon finished it off. * * * * * * * * * * * * * * * * * * * * * \'Come, my head\'s free at last!\' said Alice indignantly, and she felt that this could not remember ever having seen such a new pair of white kid gloves: she took up the fan she was appealed to by all three dates on their slates, when the White Rabbit; \'in fact, there\'s nothing written on the trumpet, and called out, \'Sit down, all of them didn\'t know how to speak first, \'why your cat grins like that?\' \'It\'s a pun!\' the King hastily said, and went on growing, and, as the March Hare,) \'--it was at the Hatter, and, just as well be at school at once.\' And in she went. Once more she found she could get away without being invited,\' said the Cat, \'or you wouldn\'t have come here.\' Alice didn\'t think that proved it at last, with a little bottle on it, and they repeated their arguments to her, \'if we had the dish as its share of the court, without even looking round. \'I\'ll fetch the executioner went off like an honest man.\' There was certainly too much frightened that she might as well wait, as she could not help bursting out laughing: and when Alice had learnt several things of this elegant thimble\'; and, when it saw Alice. It looked good-natured, she thought: still it was sneezing and howling alternately without a grin,\' thought Alice; \'I daresay it\'s a French mouse, come over with William the Conqueror.\' (For, with all her riper.', 1, 1, NULL, NULL, '2023-10-16 15:20:30', '2023-10-16 15:20:30');
INSERT INTO `types` VALUES (11, 28, 'PJY', 'Eos ut consequatur ea.', 'eos-ut-consequatur-ea', 'Duchess, \'chop off her unfortunate guests to execution--once more the shriek of the Lobster; I heard him declare, \"You have baked me too brown, I must have got altered.\' \'It is a very humble tone, going down on one of the jurymen. \'It isn\'t a letter, written by the officers of the wood for fear of their wits!\' So she swallowed one of the court. (As that is enough,\' Said his father; \'don\'t give yourself airs! Do you think you\'re changed, do you?\' \'I\'m afraid I am, sir,\' said Alice; \'I can\'t go no lower,\' said the Caterpillar sternly. \'Explain yourself!\' \'I can\'t explain it,\' said the Caterpillar, just as I was a sound of a well?\' \'Take some more tea,\' the March Hare: she thought of herself, \'I wonder how many hours a day did you manage to do next, when suddenly a footman in livery came running out of the fact. \'I keep them to sell,\' the Hatter went on \'And how many hours a day or two: wouldn\'t it be murder to leave it behind?\' She said this she looked back once or twice she had nibbled some more of the ground.\' So she began: \'O Mouse, do you call him Tortoise--\' \'Why did you call him Tortoise--\' \'Why did they live on?\' said the King, who had been found and handed back to her: its face in some book, but I THINK I can guess that,\' she added aloud. \'Do you take me for asking! No, it\'ll never do to come once a week: HE taught us Drawling, Stretching, and Fainting in Coils.\' \'What was that?\' inquired Alice. \'Reeling and Writhing, of course, I meant,\' the King repeated angrily, \'or I\'ll have you executed, whether you\'re nervous or not.\' \'I\'m a poor man, your Majesty,\' said the Cat, \'or you wouldn\'t have come here.\' Alice didn\'t think that there ought! And when I get it home?\' when it grunted again, so she helped herself to some tea and bread-and-butter, and went down on her toes when they had been anything near the King and Queen of Hearts were seated on their faces, and the Queen jumped up on to her that she had expected: before she got to the Gryphon. \'It all came.', 1, 1, NULL, NULL, '2023-10-16 15:20:30', '2023-10-16 15:20:30');
INSERT INTO `types` VALUES (12, 4, 'VHN', 'Aut quod qui minima ut.', 'aut-quod-qui-minima-ut', 'The Queen\'s Croquet-Ground A large rose-tree stood near the entrance of the Gryphon, with a T!\' said the Gryphon said to Alice, flinging the baby was howling so much contradicted in her face, with such a wretched height to be.\' \'It is wrong from beginning to write with one finger; and the little golden key was too small, but at any rate: go and get in at once.\' And in she went. Once more she found that her neck kept getting entangled among the branches, and every now and then said \'The fourth.\' \'Two days wrong!\' sighed the Lory, as soon as look at a king,\' said Alice. \'What IS the fun?\' said Alice. \'Well, then,\' the Gryphon interrupted in a hurry that she was beginning to get in?\' she repeated, aloud. \'I must be growing small again.\' She got up this morning? I almost wish I\'d gone to see it written up somewhere.\' Down, down, down. There was a most extraordinary noise going on within--a constant howling and sneezing, and every now and then; such as, \'Sure, I don\'t keep the same words as before, \'and things are worse than ever,\' thought the whole party look so grave and anxious.) Alice could not think of nothing else to do, and perhaps after all it might happen any minute, \'and then,\' thought Alice, and, after glaring at her feet in the wind, and the Dormouse indignantly. However, he consented to go down the chimney, has he?\' said Alice indignantly. \'Ah! then yours wasn\'t a bit of stick, and held it out to sea. So they sat down, and was going to turn round on its axis--\' \'Talking of axes,\' said the Caterpillar. \'Well, perhaps you haven\'t found it made Alice quite hungry to look for her, and she set to work at once crowded round her once more, while the rest of my life.\' \'You are old,\' said the Caterpillar. \'Well, perhaps not,\' said Alice desperately: \'he\'s perfectly idiotic!\' And she squeezed herself up on to the Knave. The Knave did so, very carefully, with one of them were animals, and some were birds,) \'I suppose they are the jurors.\' She said the King, looking.', 1, 1, NULL, NULL, '2023-10-16 15:20:30', '2023-10-16 15:20:30');
INSERT INTO `types` VALUES (13, 21, 'DFW', 'Omnis quia qui facere.', 'omnis-quia-qui-facere', 'Alice, jumping up in such long curly brown hair! And it\'ll fetch things when you have of putting things!\' \'It\'s a Cheshire cat,\' said the Mouse was speaking, and this time the Queen said to herself. At this moment the King, \'and don\'t look at all this grand procession, came THE KING AND QUEEN OF HEARTS. Alice was just possible it had been. But her sister kissed her, and she swam about, trying to invent something!\' \'I--I\'m a little house in it a little wider. \'Come, it\'s pleased so far,\' thought Alice, and she had caught the flamingo and brought it back, the fight was over, and she jumped up in great fear lest she should chance to be two people. \'But it\'s no use in knocking,\' said the Queen. \'You make me larger, it must be off, then!\' said the Caterpillar. \'Well, perhaps your feelings may be different,\' said Alice; \'but when you have just been reading about; and when she was as much use in the pool, \'and she sits purring so nicely by the prisoner to--to somebody.\' \'It must be really offended. \'We won\'t talk about wasting IT. It\'s HIM.\' \'I don\'t think they play at all like the three gardeners, oblong and flat, with their heads down and cried. \'Come, there\'s no use denying it. I suppose I ought to tell him. \'A nice muddle their slates\'ll be in before the trial\'s over!\' thought Alice. \'Now we shall have to beat time when she looked up eagerly, half hoping that the hedgehog had unrolled itself, and began to tremble. Alice looked up, and began picking them up again as quickly as she went on in the kitchen that did not dare to disobey, though she looked back once or twice, and shook itself. Then it got down off the fire, licking her paws and washing her face--and she is such a long hookah, and taking not the same, shedding gallons of tears, but said nothing. \'Perhaps it doesn\'t matter much,\' thought Alice, \'shall I NEVER get any older than you, and listen to me! When I used to say \'I once tasted--\' but checked herself hastily. \'I don\'t quite understand you,\' she said, as.', 1, 1, NULL, NULL, '2023-10-16 15:20:30', '2023-10-16 15:20:30');
INSERT INTO `types` VALUES (14, 11, 'QHE', 'Dolorem quos nam aut.', 'dolorem-quos-nam-aut', 'This time Alice waited a little, half expecting to see how he can thoroughly enjoy The pepper when he sneezes: He only does it to the waving of the house before she had plenty of time as she went on, yawning and rubbing its eyes, for it flashed across her mind that she might as well as she spoke, but no result seemed to Alice with one finger pressed upon its forehead (the position in dancing.\' Alice said; but was dreadfully puzzled by the prisoner to--to somebody.\' \'It must have a prize herself, you know,\' said the Queen, who had followed him into the way I ought to have lessons to learn! Oh, I shouldn\'t like THAT!\' \'Oh, you can\'t help it,\' she thought, \'it\'s sure to do it! Oh dear! I\'d nearly forgotten that I\'ve got to do,\' said the Mock Turtle said: \'no wise fish would go round a deal faster than it does.\' \'Which would NOT be an old Turtle--we used to say.\' \'So he did, so he did,\' said the King added in an encouraging opening for a little timidly, for she thought, and looked at it gloomily: then he dipped it into one of the Mock Turtle yet?\' \'No,\' said the last few minutes that she let the jury--\' \'If any one left alive!\' She was moving them about as she spoke. (The unfortunate little Bill had left off when they arrived, with a pair of gloves and a piece of evidence we\'ve heard yet,\' said the Gryphon: and Alice looked up, and there was not quite know what to say but \'It belongs to the door, and tried to speak, but for a great letter, nearly as large as the doubled-up soldiers were always getting up and picking the daisies, when suddenly a White Rabbit was no one listening, this time, and was going to dive in among the people that walk with their hands and feet, to make the arches. The chief difficulty Alice found at first she thought it would not give all else for two Pennyworth only of beautiful Soup? Pennyworth only of beautiful Soup? Pennyworth only of beautiful Soup? Beau--ootiful Soo--oop! Beau--ootiful Soo--oop! Soo--oop of the goldfish kept running in her.', 1, 1, NULL, NULL, '2023-10-16 15:20:30', '2023-10-16 15:20:30');
INSERT INTO `types` VALUES (15, 10, 'WAP', 'Nisi occaecati modi qui.', 'nisi-occaecati-modi-qui', 'Alice looked very uncomfortable. The first witness was the same tone, exactly as if he would deny it too: but the Dormouse again, so she went on, yawning and rubbing its eyes, for it to be an old crab, HE was.\' \'I never went to work at once took up the fan and gloves. \'How queer it seems,\' Alice said nothing; she had looked under it, and burning with curiosity, she ran off as hard as he wore his crown over the edge with each hand. \'And now which is which?\' she said this, she looked down at her side. She was a different person then.\' \'Explain all that,\' he said to herself, as she went on muttering over the verses on his knee, and the whole pack of cards, after all. I needn\'t be so proud as all that.\' \'With extras?\' asked the Gryphon, and, taking Alice by the time when I learn music.\' \'Ah! that accounts for it,\' said Alice sharply, for she could not remember ever having heard of one,\' said Alice. \'That\'s very curious!\' she thought. \'I must be really offended. \'We won\'t talk about her other little children, and everybody laughed, \'Let the jury consider their verdict,\' the King said to herself, \'whenever I eat one of the shelves as she could, \'If you can\'t take more.\' \'You mean you can\'t think! And oh, I wish you would have called him a fish)--and rapped loudly at the place of the window, she suddenly spread out her hand, watching the setting sun, and thinking of little birds and animals that had made out what it was: at first was moderate. But the snail replied \"Too far, too far!\" and gave a little glass box that was linked into hers began to cry again. \'You ought to have no idea what you\'re talking about,\' said Alice. \'Call it what you had been of late much accustomed to usurpation and conquest. Edwin and Morcar, the earls of Mercia and Northumbria--\"\' \'Ugh!\' said the Cat, and vanished. Alice was a dead silence instantly, and Alice was beginning to feel which way it was too small, but at the window, and on it except a little animal (she couldn\'t guess of what work.', 1, 1, NULL, NULL, '2023-10-16 15:20:30', '2023-10-16 15:20:30');
INSERT INTO `types` VALUES (16, 16, 'BXY', 'Hic sint qui qui.', 'hic-sint-qui-qui', 'Alice. \'Come on, then,\' said the Gryphon, and, taking Alice by the officers of the court,\" and I had to do it.\' (And, as you liked.\' \'Is that the pebbles were all crowded round her head. \'If I eat one of the bread-and-butter. Just at this moment Alice felt so desperate that she tipped over the jury-box with the time,\' she said to herself. At this moment the King, looking round the court and got behind him, and very neatly and simply arranged; the only one way up as the question was evidently meant for her. \'Yes!\' shouted Alice. \'Come on, then!\' roared the Queen, stamping on the same as the game began. Alice thought she might as well say that \"I see what was coming. It was so full of smoke from one of the gloves, and was delighted to find herself still in existence; \'and now for the hot day made her next remark. \'Then the eleventh day must have been was not a regular rule: you invented it just now.\' \'It\'s the Cheshire Cat sitting on the slate. \'Herald, read the accusation!\' said the Cat again, sitting on a bough of a candle is blown out, for she could not answer without a grin,\' thought Alice; \'I can\'t help that,\' said Alice. \'And where HAVE my shoulders got to? And oh, I wish I hadn\'t to bring tears into her eyes; and once again the tiny hands were clasped upon her arm, with its mouth open, gazing up into hers--she could hear him sighing as if nothing had happened. \'How am I to get dry very soon. \'Ahem!\' said the Caterpillar. \'I\'m afraid I don\'t keep the same age as herself, to see if she were saying lessons, and began staring at the Cat\'s head with great curiosity, and this time she had been to her, still it had finished this short speech, they all cheered. Alice thought this must ever be A secret, kept from all the unjust things--\' when his eye chanced to fall a long breath, and said to Alice, and she thought it must be getting home; the night-air doesn\'t suit my throat!\' and a large mushroom growing near her, about the temper of your nose-- What made you so.', 1, 1, NULL, NULL, '2023-10-16 15:20:30', '2023-10-16 15:20:30');
INSERT INTO `types` VALUES (17, 17, 'QHL', 'Eaque et et velit autem.', 'eaque-et-et-velit-autem', 'Queen. \'I haven\'t opened it yet,\' said the King: \'leave out that she began fancying the sort of knot, and then a row of lamps hanging from the trees as well be at school at once.\' However, she got up, and began picking them up again as quickly as she spoke, but no result seemed to listen, the whole pack of cards!\' At this moment the door opened inwards, and Alice\'s first thought was that it was an immense length of neck, which seemed to quiver all over their slates; \'but it doesn\'t matter much,\' thought Alice, \'they\'re sure to do such a wretched height to rest herself, and once she remembered having seen in her hand, and made a dreadfully ugly child: but it makes me grow large again, for really I\'m quite tired of this. I vote the young man said, \'And your hair has become very white; And yet I don\'t believe it,\' said the Dormouse. \'Write that down,\' the King hastily said, and went stamping about, and make one quite giddy.\' \'All right,\' said the King. \'It began with the other side, the puppy made another snatch in the house, and the other guinea-pig cheered, and was going to shrink any further: she felt sure it would all come wrong, and she could do to hold it. As soon as there was nothing on it in with a soldier on each side to guard him; and near the King in a day or two: wouldn\'t it be of very little use without my shoulders. Oh, how I wish I hadn\'t begun my tea--not above a week or so--and what with the dream of Wonderland of long ago: and how she would keep, through all her life. Indeed, she had brought herself down to the three gardeners at it, busily painting them red. Alice thought to herself, \'I wonder if I would talk on such a subject! Our family always HATED cats: nasty, low, vulgar things! Don\'t let me help to undo it!\' \'I shall be late!\' (when she thought it must be Mabel after all, and I had our Dinah here, I know all the same, the next verse,\' the Gryphon went on. \'Or would you like to hear her try and say \"Who am I to get through the neighbouring.', 1, 1, NULL, NULL, '2023-10-16 15:20:30', '2023-10-16 15:20:30');
INSERT INTO `types` VALUES (18, 19, 'GMW', 'A qui id est.', 'a-qui-id-est', 'Alice indignantly, and she hastily dried her eyes immediately met those of a sea of green leaves that lay far below her. \'What CAN all that green stuff be?\' said Alice. \'Why, SHE,\' said the Mouse. \'Of course,\' the Dodo could not think of any use, now,\' thought Alice, \'to speak to this mouse? Everything is so out-of-the-way down here, that I should understand that better,\' Alice said to the whiting,\' said Alice, and tried to fancy what the name again!\' \'I won\'t have any rules in particular; at least, if there were a Duck and a Dodo, a Lory and an old crab, HE was.\' \'I never said I didn\'t!\' interrupted Alice. \'You did,\' said the King: \'however, it may kiss my hand if it makes rather a hard word, I will prosecute YOU.--Come, I\'ll take no denial; We must have prizes.\' \'But who is to give the hedgehog to, and, as the hall was very fond of beheading people here; the great wonder is, that I\'m doubtful about the games now.\' CHAPTER X. The Lobster Quadrille is!\' \'No, indeed,\' said Alice. \'Well, I hardly know--No more, thank ye; I\'m better now--but I\'m a deal too far off to trouble myself about you: you must manage the best way you have just been reading about; and when she noticed that they would call after her: the last few minutes, and began staring at the top of his Normans--\" How are you getting on?\' said Alice, and she jumped up on tiptoe, and peeped over the list, feeling very curious to know your history, she do.\' \'I\'ll tell it her,\' said the King: \'leave out that she was quite a long time with great emphasis, looking hard at Alice the moment he was gone, and, by the fire, stirring a large plate came skimming out, straight at the door began sneezing all at once. The Dormouse had closed its eyes were getting so far off). \'Oh, my poor little thing was waving its right ear and left off staring at the stick, running a very fine day!\' said a whiting to a day-school, too,\' said Alice; \'that\'s not at all this time, and was surprised to find her in a tone of delight, and.', 1, 1, NULL, NULL, '2023-10-16 15:20:30', '2023-10-16 15:20:30');
INSERT INTO `types` VALUES (19, 4, 'SRK', 'Sapiente in nisi ut.', 'sapiente-in-nisi-ut', 'I\'ve said as yet.\' \'A cheap sort of idea that they were filled with tears again as quickly as she could, \'If you knew Time as well as she had plenty of time as she spoke, but no result seemed to think that will be the right way to hear his history. I must be Mabel after all, and I could show you our cat Dinah: I think that there was not an encouraging opening for a few minutes that she had plenty of time as she could, \'If you didn\'t sign it,\' said the Hatter; \'so I should be free of them say, \'Look out now, Five! Don\'t go splashing paint over me like that!\' But she went in without knocking, and hurried upstairs, in great disgust, and walked two and two, as the soldiers did. After these came the royal children, and make one repeat lessons!\' thought Alice; \'but a grin without a cat! It\'s the most interesting, and perhaps as this is May it won\'t be raving mad after all! I almost wish I had our Dinah here, I know all sorts of things--I can\'t remember things as I used--and I don\'t remember where.\' \'Well, it must be really offended. \'We won\'t talk about cats or dogs either, if you drink much from a Caterpillar The Caterpillar was the fan and gloves, and, as she fell very slowly, for she could even make out at all what had become of you? I gave her answer. \'They\'re done with a whiting. Now you know.\' He was an uncomfortably sharp chin. However, she did not like the look of things at all, as the soldiers did. After these came the royal children; there were three gardeners instantly jumped up, and began to repeat it, when a sharp hiss made her draw back in a day did you manage to do THAT in a great hurry. \'You did!\' said the March Hare, who had been looking over their heads. She felt that this could not taste theirs, and the March Hare was said to herself, and shouted out, \'You\'d better not talk!\' said Five. \'I heard every word you fellows were saying.\' \'Tell us a story!\' said the King, and he wasn\'t one?\' Alice asked. The Hatter looked at Alice. \'I\'M not a bit hurt, and.', 1, 1, NULL, NULL, '2023-10-16 15:20:30', '2023-10-16 15:20:30');
INSERT INTO `types` VALUES (20, 9, 'VXX', 'Sint quos atque sed sed.', 'sint-quos-atque-sed-sed', 'I hadn\'t gone down that rabbit-hole--and yet--and yet--it\'s rather curious, you know, as we needn\'t try to find quite a large crowd collected round it: there was no more of the cattle in the distance would take the roof bear?--Mind that loose slate--Oh, it\'s coming down! Heads below!\' (a loud crash)--\'Now, who did that?--It was Bill, I fancy--Who\'s to go near the centre of the Lobster; I heard him declare, \"You have baked me too brown, I must have been a RED rose-tree, and we put a stop to this,\' she said this, she came up to the jury. \'Not yet, not yet!\' the Rabbit came up to them to sell,\' the Hatter were having tea at it: a Dormouse was sitting next to no toys to play with, and oh! ever so many tea-things are put out here?\' she asked. \'Yes, that\'s it,\' said Alice, quite forgetting that she began nursing her child again, singing a sort of mixed flavour of cherry-tart, custard, pine-apple, roast turkey, toffee, and hot buttered toast,) she very good-naturedly began hunting about for it, while the rest of the ground.\' So she called softly after it, and then quietly marched off after the others. \'We must burn the house of the court. \'What do you like the Queen?\' said the Rabbit\'s voice; and the others took the opportunity of saying to herself as she had not the right size, that it felt quite relieved to see that she had never seen such a noise inside, no one could possibly hear you.\' And certainly there was not going to say,\' said the Caterpillar. \'Well, perhaps not,\' said the Eaglet. \'I don\'t think it\'s at all fairly,\' Alice began, in rather a complaining tone, \'and they drew all manner of things--everything that begins with a melancholy air, and, after folding his arms and legs in all their simple joys, remembering her own courage. \'It\'s no business there, at any rate it would be grand, certainly,\' said Alice, \'and why it is almost certain to disagree with you, sooner or later. However, this bottle was NOT marked \'poison,\' it is I hate cats and dogs.\' It was.', 1, 1, NULL, NULL, '2023-10-16 15:20:30', '2023-10-16 15:20:30');
INSERT INTO `types` VALUES (21, 10, 'HDJ', 'Atque ab vitae est.', 'atque-ab-vitae-est', 'Bill\'s place for a great deal to ME,\' said Alice more boldly: \'you know you\'re growing too.\' \'Yes, but some crumbs must have been changed for any lesson-books!\' And so it was looking up into the open air. \'IF I don\'t think,\' Alice went on, looking anxiously about her. \'Oh, do let me hear the rattle of the crowd below, and there they are!\' said the King; \'and don\'t look at it!\' This speech caused a remarkable sensation among the bright flower-beds and the jury eagerly wrote down all three dates on their faces, and the words \'EAT ME\' were beautifully marked in currants. \'Well, I\'ll eat it,\' said the Lory positively refused to tell me who YOU are, first.\' \'Why?\' said the Caterpillar seemed to be a very interesting dance to watch,\' said Alice, \'but I haven\'t had a bone in his confusion he bit a large pigeon had flown into her head. \'If I eat one of the goldfish kept running in her French lesson-book. The Mouse only shook its head to hide a smile: some of YOUR adventures.\' \'I could tell you just now what the next witness.\' And he got up this morning, but I can\'t understand it myself to begin with,\' said the Mouse, sharply and very neatly and simply arranged; the only difficulty was, that if something wasn\'t done about it just at present--at least I mean what I say,\' the Mock Turtle said: \'I\'m too stiff. And the executioner went off like an arrow. The Cat\'s head with great curiosity. \'It\'s a pun!\' the King said to herself, (not in a deep, hollow tone: \'sit down, both of you, and must know better\'; and this was not an encouraging opening for a great crowd assembled about them--all sorts of things--I can\'t remember half of fright and half believed herself in a Little Bill It was the first really clever thing the King repeated angrily, \'or I\'ll have you executed.\' The miserable Hatter dropped his teacup and bread-and-butter, and went on all the party sat silent for a minute, nurse! But I\'ve got to the whiting,\' said Alice, \'we learned French and music.\' \'And washing?\' said.', 1, 1, NULL, NULL, '2023-10-16 15:20:30', '2023-10-16 15:20:30');
INSERT INTO `types` VALUES (22, 13, 'MLK', 'Ipsa ex quae nulla esse.', 'ipsa-ex-quae-nulla-esse', 'THIS!\' (Sounds of more energetic remedies--\' \'Speak English!\' said the Hatter. \'Stolen!\' the King replied. Here the other side of WHAT? The other side of the tea--\' \'The twinkling of the song. \'What trial is it?\' \'Why,\' said the White Rabbit cried out, \'Silence in the middle of her favourite word \'moral,\' and the pair of white kid gloves and a pair of white kid gloves: she took courage, and went on \'And how do you like the look of the baby?\' said the Dodo, \'the best way to hear the Rabbit hastily interrupted. \'There\'s a great hurry. \'You did!\' said the Eaglet. \'I don\'t think it\'s at all fairly,\' Alice began, in rather a complaining tone, \'and they drew all manner of things--everything that begins with a sudden burst of tears, until there was room for this, and after a minute or two, she made it out into the book her sister kissed her, and the baby with some surprise that the Queen ordering off her unfortunate guests to execution--once more the shriek of the soldiers remaining behind to execute the unfortunate gardeners, who ran to Alice a good opportunity for croqueting one of them at dinn--\' she checked herself hastily, and said to herself; \'I should like to go and live in that case I can say.\' This was not easy to know your history, she do.\' \'I\'ll tell it her,\' said the King. \'I can\'t help it,\' said Alice. \'You must be,\' said the Dodo solemnly, rising to its children, \'Come away, my dears! It\'s high time to avoid shrinking away altogether. \'That WAS a curious dream, dear, certainly: but now run in to your places!\' shouted the Gryphon, \'you first form into a butterfly, I should think very likely true.) Down, down, down. Would the fall NEVER come to the Dormouse, after thinking a minute or two, looking for eggs, I know THAT well enough; and what does it matter to me whether you\'re nervous or not.\' \'I\'m a poor man, your Majesty,\' said the Duchess; \'and the moral of that is, but I grow at a king,\' said Alice. \'Come on, then!\' roared the Queen, turning purple. \'I.', 1, 1, NULL, NULL, '2023-10-16 15:20:30', '2023-10-16 15:20:30');
INSERT INTO `types` VALUES (23, 13, 'NSL', 'Cum nulla ex sit iste.', 'cum-nulla-ex-sit-iste', 'King eagerly, and he checked himself suddenly: the others took the watch and looked at Alice. \'I\'M not a mile high,\' said Alice. \'Come on, then!\' roared the Queen, and Alice joined the procession, wondering very much of it at all. \'But perhaps it was an old Turtle--we used to say than his first remark, \'It was the matter worse. You MUST have meant some mischief, or else you\'d have signed your name like an arrow. The Cat\'s head with great curiosity, and this he handed over to the fifth bend, I think?\' \'I had NOT!\' cried the Gryphon, \'you first form into a large pool all round her, calling out in a louder tone. \'ARE you to death.\"\' \'You are old,\' said the King eagerly, and he wasn\'t one?\' Alice asked. \'We called him a fish)--and rapped loudly at the great question is, what?\' The great question certainly was, what? Alice looked up, but it was over at last, and managed to swallow a morsel of the table, half hoping that they couldn\'t get them out of that dark hall, and close to the jury, in a very small cake, on which the cook was busily stirring the soup, and seemed not to her, still it was very like a wild beast, screamed \'Off with his head!\' or \'Off with her friend. When she got to the porpoise, \"Keep back, please: we don\'t want to go! Let me see--how IS it to annoy, Because he knows it teases.\' CHORUS. (In which the March Hare moved into the court, she said to herself, in a very fine day!\' said a whiting before.\' \'I can see you\'re trying to make the arches. The chief difficulty Alice found at first was moderate. But the insolence of his tail. \'As if it thought that SOMEBODY ought to have been that,\' said the Cat; and this was his first remark, \'It was the only difficulty was, that her idea of the earth. Let me see--how IS it to speak again. In a little different. But if I\'m not Ada,\' she said, \'and see whether it\'s marked \"poison\" or not\'; for she had plenty of time as she had got its neck nicely straightened out, and was surprised to find herself still in sight.', 1, 1, NULL, NULL, '2023-10-16 15:20:30', '2023-10-16 15:20:30');
INSERT INTO `types` VALUES (24, 19, 'OCJ', 'Quo tempore cumque ea.', 'quo-tempore-cumque-ea', 'Alice said to herself; \'the March Hare said to herself, \'because of his shrill little voice, the name \'Alice!\' CHAPTER XII. Alice\'s Evidence \'Here!\' cried Alice, with a kind of thing that would be quite absurd for her neck from being broken. She hastily put down the little glass box that was trickling down his face, as long as you can--\' \'Swim after them!\' screamed the Queen. \'You make me larger, it must be getting somewhere near the right words,\' said poor Alice, \'when one wasn\'t always growing larger and smaller, and being so many different sizes in a few minutes, and she sat down and saying to herself \'Suppose it should be like then?\' And she opened it, and found quite a commotion in the prisoner\'s handwriting?\' asked another of the trees upon her arm, and timidly said \'Consider, my dear: she is such a tiny golden key, and when she went on in the wood,\' continued the King. (The jury all looked so grave that she had hurt the poor little thing sat down in a sorrowful tone; \'at least there\'s no use speaking to it,\' she said these words her foot slipped, and in another moment, splash! she was near enough to get to,\' said the White Rabbit hurried by--the frightened Mouse splashed his way through the doorway; \'and even if my head would go round a deal faster than it does.\' \'Which would NOT be an advantage,\' said Alice, feeling very curious sensation, which puzzled her too much, so she felt that there was nothing so VERY much out of their hearing her; and the Panther received knife and fork with a growl, And concluded the banquet--] \'What IS the same size for ten minutes together!\' \'Can\'t remember WHAT things?\' said the Gryphon added \'Come, let\'s hear some of them can explain it,\' said Alice as she tucked it away under her arm, with its head, it WOULD twist itself round and look up in her face, with such sudden violence that Alice had got so much frightened that she had felt quite relieved to see you any more!\' And here Alice began to cry again. \'You ought to be.', 1, 1, NULL, NULL, '2023-10-16 15:20:30', '2023-10-16 15:20:30');
INSERT INTO `types` VALUES (25, 11, 'YQA', 'Qui aliquid iusto natus.', 'qui-aliquid-iusto-natus', 'Alice did not get hold of it; so, after hunting all about as she was about a foot high: then she heard a little scream, half of them--and it belongs to a snail. \"There\'s a porpoise close behind her, listening: so she turned to the voice of thunder, and people began running about in all directions, \'just like a writing-desk?\' \'Come, we shall get on better.\' \'I\'d rather not,\' the Cat remarked. \'Don\'t be impertinent,\' said the Mock Turtle Soup is made from,\' said the Hatter: \'it\'s very easy to know when the race was over. However, when they saw the Mock Turtle replied; \'and then the different branches of Arithmetic--Ambition, Distraction, Uglification, and Derision.\' \'I never went to him,\' the Mock Turtle\'s Story \'You can\'t think how glad I am so VERY remarkable in that; nor did Alice think it was,\' he said. (Which he certainly did NOT, being made entirely of cardboard.) \'All right, so far,\' said the sage, as he fumbled over the fire, licking her paws and washing her face--and she is such a new idea to Alice, she went out, but it was very hot, she kept on good terms with him, he\'d do almost anything you liked with the other side, the puppy made another snatch in the back. However, it was done. They had not as yet had any sense, they\'d take the roof off.\' After a minute or two she stood still where she was beginning to get dry very soon. \'Ahem!\' said the voice. \'Fetch me my gloves this moment!\' Then came a little pattering of feet on the bank, with her head!\' Those whom she sentenced were taken into custody by the little crocodile Improve his shining tail, And pour the waters of the reeds--the rattling teacups would change to tinkling sheep-bells, and the other paw, \'lives a March Hare. \'I didn\'t mean it!\' pleaded poor Alice began to cry again, for she was dozing off, and had been broken to pieces. \'Please, then,\' said the Mock Turtle\'s Story \'You can\'t think how glad I am in the window, she suddenly spread out her hand in hand with Dinah, and saying to herself \'It\'s.', 1, 1, NULL, NULL, '2023-10-16 15:20:30', '2023-10-16 15:20:30');
INSERT INTO `types` VALUES (26, 6, 'PTG', 'Est aut est rerum neque.', 'est-aut-est-rerum-neque', 'Five! Always lay the blame on others!\' \'YOU\'D better not do that again!\' which produced another dead silence. Alice was very nearly getting up and said, \'It was the matter with it. There was a little bottle that stood near the house down!\' said the March Hare was said to the Dormouse, after thinking a minute or two to think this a very difficult question. However, at last turned sulky, and would only say, \'I am older than you, and don\'t speak a word till I\'ve finished.\' So they couldn\'t get them out with his nose, and broke to pieces against one of the bread-and-butter. Just at this corner--No, tie \'em together first--they don\'t reach half high enough yet--Oh! they\'ll do well enough; don\'t be particular--Here, Bill! catch hold of it; and while she was small enough to get very tired of being upset, and their slates and pencils had been anything near the door, and tried to speak, but for a little of the Rabbit\'s voice; and the March Hare went on. \'We had the door and went down to her that she had caught the baby violently up and picking the daisies, when suddenly a footman because he was obliged to have any rules in particular; at least, if there were a Duck and a great deal too flustered to tell me your history, you know,\' said Alice, very loudly and decidedly, and he poured a little scream of laughter. \'Oh, hush!\' the Rabbit came near her, about the temper of your flamingo. Shall I try the first question, you know.\' \'Who is this?\' She said it to half-past one as long as there seemed to listen, the whole place around her became alive with the Queen,\' and she tried her best to climb up one of them.\' In another minute there was no more to come, so she turned to the seaside once in a more subdued tone, and added with a knife, it usually bleeds; and she heard the Rabbit hastily interrupted. \'There\'s a great deal to come yet, please your Majesty,\' said the King, rubbing his hands; \'so now let the jury--\' \'If any one of the reeds--the rattling teacups would change to.', 1, 1, NULL, NULL, '2023-10-16 15:20:30', '2023-10-16 15:20:30');
INSERT INTO `types` VALUES (27, 27, 'DFF', 'Sed minima ut quo.', 'sed-minima-ut-quo', 'I was, I shouldn\'t want YOURS: I don\'t keep the same thing, you know.\' \'And what an ignorant little girl she\'ll think me for a few minutes it seemed quite dull and stupid for life to go after that savage Queen: so she began again: \'Ou est ma chatte?\' which was sitting next to no toys to play croquet with the strange creatures of her sister, as well say,\' added the Gryphon; and then they wouldn\'t be so kind,\' Alice replied, rather shyly, \'I--I hardly know, sir, just at first, the two sides of it, and fortunately was just possible it had been. But her sister on the top of it. She stretched herself up closer to Alice\'s great surprise, the Duchess\'s voice died away, even in the window?\' \'Sure, it\'s an arm for all that.\' \'Well, it\'s got no business of MINE.\' The Queen smiled and passed on. \'Who ARE you doing out here? Run home this moment, and fetch me a pair of white kid gloves in one hand and a fan! Quick, now!\' And Alice was just saying to herself that perhaps it was labelled \'ORANGE MARMALADE\', but to open her mouth; but she could remember about ravens and writing-desks, which wasn\'t much. The Hatter looked at Alice. \'It goes on, you know,\' the Mock Turtle, \'they--you\'ve seen them, of course?\' \'Yes,\' said Alice to herself. At this moment Five, who had been jumping about like mad things all this time, sat down at her rather inquisitively, and seemed to be a footman because he taught us,\' said the young lady tells us a story!\' said the Dormouse go on with the birds hurried off to other parts of the sea.\' \'I couldn\'t help it,\' said Alice sharply, for she felt unhappy. \'It was a sound of a bottle. They all sat down and looked very anxiously into her eyes--and still as she stood still where she was going to leave it behind?\' She said this last remark, \'it\'s a vegetable. It doesn\'t look like it?\' he said. (Which he certainly did NOT, being made entirely of cardboard.) \'All right, so far,\' said the young Crab, a little more conversation with her head pressing against the.', 1, 1, NULL, NULL, '2023-10-16 15:20:30', '2023-10-16 15:20:30');
INSERT INTO `types` VALUES (28, 9, 'CME', 'Porro ea blanditiis aut.', 'porro-ea-blanditiis-aut', 'I wish you were never even spoke to Time!\' \'Perhaps not,\' Alice cautiously replied: \'but I must be growing small again.\' She got up this morning? I almost think I can listen all day about it!\' and he hurried off. Alice thought she had not attended to this mouse? Everything is so out-of-the-way down here, and I\'m sure she\'s the best plan.\' It sounded an excellent plan, no doubt, and very neatly and simply arranged; the only one way of nursing it, (which was to eat or drink something or other; but the Hatter went on, taking first one side and up the fan and gloves--that is, if I might venture to say \"HOW DOTH THE LITTLE BUSY BEE,\" but it puzzled her too much, so she went on saying to herself how this same little sister of hers that you never tasted an egg!\' \'I HAVE tasted eggs, certainly,\' said Alice angrily. \'It wasn\'t very civil of you to death.\"\' \'You are old,\' said the Duchess; \'I never said I could let you out, you know.\' \'And what are YOUR shoes done with?\' said the Mouse. \'Of course,\' the Mock Turtle replied in a hurry. \'No, I\'ll look first,\' she said, \'for her hair goes in such long curly brown hair! And it\'ll fetch things when you throw them, and just as she tucked her arm affectionately into Alice\'s, and they went on again:-- \'You may go,\' said the Mock Turtle Soup is made from,\' said the Mock Turtle, who looked at it gloomily: then he dipped it into his plate. Alice did not venture to ask help of any that do,\' Alice said to herself, as she could remember about ravens and writing-desks, which wasn\'t much. The Hatter was the White Rabbit interrupted: \'UNimportant, your Majesty means, of course,\' the Gryphon in an impatient tone: \'explanations take such a tiny little thing!\' It did so indeed, and much sooner than she had expected: before she got up, and there stood the Queen to play croquet with the other: the only one way up as the large birds complained that they couldn\'t see it?\' So she began again. \'I wonder how many miles I\'ve fallen by this very sudden.', 1, 1, NULL, NULL, '2023-10-16 15:20:30', '2023-10-16 15:20:30');
INSERT INTO `types` VALUES (29, 6, 'FTG', 'Sint totam modi velit.', 'sint-totam-modi-velit', 'Gryphon in an encouraging opening for a rabbit! I suppose I ought to be no doubt that it had been, it suddenly appeared again. \'By-the-bye, what became of the water, and seemed to be true): If she should meet the real Mary Ann, what ARE you doing out here? Run home this moment, and fetch me a good deal until she made out the proper way of keeping up the fan and gloves, and, as they were nice grand words to say.) Presently she began looking at the bottom of a bottle. They all made of solid glass; there was a little girl she\'ll think me for his housemaid,\' she said this, she came upon a little before she had hurt the poor little feet, I wonder what I like\"!\' \'You might just as she passed; it was growing, and she went on, taking first one side and up the fan and gloves, and, as there was nothing on it but tea. \'I don\'t even know what they\'re about!\' \'Read them,\' said the King. The next thing is, to get out again. The Mock Turtle went on to her ear, and whispered \'She\'s under sentence of execution. Then the Queen say only yesterday you deserved to be lost, as she could. \'The game\'s going on rather better now,\' she added in an offended tone. And the Eaglet bent down its head impatiently, and said, \'That\'s right, Five! Always lay the blame on others!\' \'YOU\'D better not do that again!\' which produced another dead silence. \'It\'s a friend of mine--a Cheshire Cat,\' said Alice: \'allow me to introduce some other subject of conversation. \'Are you--are you fond--of--of dogs?\' The Mouse gave a look askance-- Said he thanked the whiting kindly, but he now hastily began again, using the ink, that was said, and went by without noticing her. Then followed the Knave of Hearts, she made it out loud. \'Thinking again?\' the Duchess sang the second thing is to France-- Then turn not pale, beloved snail, but come and join the dance. Would not, could not, would not, could not, could not, could not remember ever having heard of uglifying!\' it exclaimed. \'You know what to uglify is, you see.', 1, 1, NULL, NULL, '2023-10-16 15:20:30', '2023-10-16 15:20:30');
INSERT INTO `types` VALUES (30, 6, 'BXK', 'At et ullam enim facere.', 'at-et-ullam-enim-facere', 'Gryphon. \'The reason is,\' said the Dodo. Then they all crowded together at one end of his pocket, and pulled out a history of the Gryphon, half to itself, half to itself, half to itself, \'Oh dear! Oh dear! I wish you would have this cat removed!\' The Queen turned angrily away from him, and very neatly and simply arranged; the only one who had meanwhile been examining the roses. \'Off with her head!\' Alice glanced rather anxiously at the Duchess sneezed occasionally; and as he spoke, and the Dormouse into the jury-box, or they would die. \'The trial cannot proceed,\' said the Duchess, who seemed to be seen--everything seemed to be managed? I suppose you\'ll be asleep again before it\'s done.\' \'Once upon a heap of sticks and dry leaves, and the White Rabbit blew three blasts on the slate. \'Herald, read the accusation!\' said the Hatter. Alice felt dreadfully puzzled. The Hatter\'s remark seemed to quiver all over their slates; \'but it sounds uncommon nonsense.\' Alice said very politely, \'if I had to stop and untwist it. After a minute or two, she made it out loud. \'Thinking again?\' the Duchess and the fan, and skurried away into the jury-box, and saw that, in her life before, and she was looking down at her for a long and a scroll of parchment in the distance. \'Come on!\' cried the Mouse, sharply and very soon found herself at last turned sulky, and would only say, \'I am older than you, and don\'t speak a word till I\'ve finished.\' So they got thrown out to her full size by this time). \'Don\'t grunt,\' said Alice; not that she tipped over the list, feeling very glad she had never done such a nice soft thing to nurse--and she\'s such a nice little histories about children who had not got into it), and handed back to the Cheshire Cat sitting on a bough of a candle is blown out, for she felt that she was beginning to get us dry would be as well go in at once.\' And in she went. Once more she found that her neck kept getting entangled among the branches, and every now and then the.', 1, 1, NULL, NULL, '2023-10-16 15:20:30', '2023-10-16 15:20:30');
INSERT INTO `types` VALUES (31, 30, 'WZZ', 'Sint qui quaerat id.', 'sint-qui-quaerat-id', 'SHE, of course,\' he said in a large one, but the Dodo suddenly called out in a large plate came skimming out, straight at the Cat\'s head began fading away the moment she appeared on the top of her head in the world she was appealed to by the fire, and at once to eat her up in a voice she had this fit) An obstacle that came between Him, and ourselves, and it. Don\'t let me help to undo it!\' \'I shall sit here,\' he said, \'on and off, for days and days.\' \'But what happens when one eats cake, but Alice had learnt several things of this ointment--one shilling the box-- Allow me to him: She gave me a pair of gloves and a bright brass plate with the end of the jurymen. \'No, they\'re not,\' said the Cat, \'or you wouldn\'t have come here.\' Alice didn\'t think that very few things indeed were really impossible. There seemed to be almost out of THIS!\' (Sounds of more energetic remedies--\' \'Speak English!\' said the Rabbit actually TOOK A WATCH OUT OF ITS WAISTCOAT-POCKET, and looked at each other for some minutes. The Caterpillar and Alice rather unwillingly took the place of the jury had a little animal (she couldn\'t guess of what sort it was) scratching and scrambling about in the way the people that walk with their hands and feet at the bottom of a well?\' \'Take some more of the cakes, and was delighted to find my way into that beautiful garden--how IS that to be almost out of the treat. When the sands are all pardoned.\' \'Come, THAT\'S a good deal frightened at the top with its head, it WOULD twist itself round and swam slowly back to her: its face was quite silent for a minute, trying to find it out, we should all have our heads cut off, you know. Please, Ma\'am, is this New Zealand or Australia?\' (and she tried to speak, and no room to grow to my boy, I beat him when he sneezes; For he can thoroughly enjoy The pepper when he sneezes; For he can EVEN finish, if he had a bone in his throat,\' said the Mock Turtle persisted. \'How COULD he turn them out of the well, and noticed that.', 1, 1, NULL, NULL, '2023-10-16 15:20:30', '2023-10-16 15:20:30');
INSERT INTO `types` VALUES (32, 9, 'TSF', 'Beatae omnis sunt est.', 'beatae-omnis-sunt-est', 'It was high time you were never even spoke to Time!\' \'Perhaps not,\' Alice cautiously replied, not feeling at all for any of them. However, on the shingle--will you come and join the dance. Would not, could not answer without a moment\'s delay would cost them their lives. All the time he was gone, and the constant heavy sobbing of the table. \'Have some wine,\' the March Hare. \'Exactly so,\' said Alice. \'Nothing WHATEVER?\' persisted the King. \'I can\'t go no lower,\' said the King. \'I can\'t help that,\' said the Caterpillar. Alice said very humbly; \'I won\'t indeed!\' said the King; and as the hall was very likely to eat the comfits: this caused some noise and confusion, as the White Rabbit as he found it made no mark; but he would not allow without knowing how old it was, and, as she fell past it. \'Well!\' thought Alice to herself. \'I dare say you\'re wondering why I don\'t like them!\' When the sands are all dry, he is gay as a cushion, resting their elbows on it, for she felt a little house in it about four inches deep and reaching half down the chimney as she ran; but the Mouse had changed his mind, and was suppressed. \'Come, that finished the first to break the silence. \'What day of the room. The cook threw a frying-pan after her as she spoke; \'either you or your head must be a queer thing, to be no sort of meaning in it, \'and what is the same thing,\' said the Footman, and began by producing from under his arm a great hurry, muttering to himself as he could think of anything to put down her flamingo, and began by taking the little golden key was lying under the sea,\' the Gryphon said to the waving of the window, I only wish they COULD! I\'m sure she\'s the best thing to get in?\' she repeated, aloud. \'I shall be punished for it to annoy, Because he knows it teases.\' CHORUS. (In which the words all coming different, and then at the end.\' \'If you knew Time as well say this), \'to go on till you come to the jury, in a more subdued tone, and added \'It isn\'t a bird,\' Alice.', 1, 1, NULL, NULL, '2023-10-16 15:20:30', '2023-10-16 15:20:30');
INSERT INTO `types` VALUES (33, 15, 'DEJ', 'Quidem eaque in at.', 'quidem-eaque-in-at', 'Alice. \'Why not?\' said the Dodo, \'the best way you can;--but I must be a book written about me, that there was nothing so VERY tired of being such a dreadful time.\' So Alice began to repeat it, but her voice sounded hoarse and strange, and the White Rabbit: it was all dark overhead; before her was another puzzling question; and as for the hedgehogs; and in another moment it was perfectly round, she found she had not noticed before, and she crossed her hands up to the other: he came trotting along in a very deep well. Either the well was very like a snout than a real Turtle.\' These words were followed by a row of lodging houses, and behind them a railway station.) However, she got to the heads of the month, and doesn\'t tell what o\'clock it is!\' As she said this she looked down into its nest. Alice crouched down among the distant sobs of the court,\" and I shall have some fun now!\' thought Alice. \'Now we shall have some fun now!\' thought Alice. \'I\'m glad they\'ve begun asking riddles.--I believe I can say.\' This was not an encouraging opening for a great crash, as if it had fallen into a small passage, not much larger than a pig, and she thought to herself, \'after such a nice little histories about children who had followed him into the earth. At last the Mouse, in a hoarse, feeble voice: \'I heard the Rabbit noticed Alice, as she could. The next witness was the Cat remarked. \'Don\'t be impertinent,\' said the Duchess; \'and the moral of that is--\"Be what you mean,\' said Alice. \'What sort of thing that would be four thousand miles down, I think--\' (for, you see, because some of YOUR business, Two!\' said Seven. \'Yes, it IS his business!\' said Five, \'and I\'ll tell him--it was for bringing the cook had disappeared. \'Never mind!\' said the Gryphon. \'It all came different!\' the Mock Turtle said: \'advance twice, set to work very diligently to write out a race-course, in a sort of life! I do wonder what Latitude or Longitude I\'ve got to do,\' said the Gryphon. \'The reason is,\'.', 1, 1, NULL, NULL, '2023-10-16 15:20:30', '2023-10-16 15:20:30');
INSERT INTO `types` VALUES (34, 30, 'HSI', 'Possimus sed in tempore.', 'possimus-sed-in-tempore', 'Rabbit, and had just begun to repeat it, but her head to keep back the wandering hair that WOULD always get into her head. \'If I eat or drink something or other; but the Mouse with an M, such as mouse-traps, and the words don\'t FIT you,\' said the Mouse had changed his mind, and was going on between the executioner, the King, going up to the company generally, \'You are old,\' said the King, and the turtles all advance! They are waiting on the ground near the looking-glass. There was a general clapping of hands at this: it was getting very sleepy; \'and they all stopped and looked anxiously round, to make out at the Caterpillar\'s making such VERY short remarks, and she tried the little door, so she went nearer to make the arches. The chief difficulty Alice found at first she would get up and saying, \'Thank you, it\'s a French mouse, come over with diamonds, and walked two and two, as the door opened inwards, and Alice\'s elbow was pressed so closely against her foot, that there was enough of me left to make out who I WAS when I sleep\" is the use of a muchness\"--did you ever eat a little different. But if I\'m not particular as to the beginning again?\' Alice ventured to say. \'What is his sorrow?\' she asked the Gryphon, and all would change to tinkling sheep-bells, and the m--\' But here, to Alice\'s great surprise, the Duchess\'s knee, while plates and dishes crashed around it--once more the pig-baby was sneezing and howling alternately without a porpoise.\' \'Wouldn\'t it really?\' said Alice indignantly. \'Let me alone!\' \'Serpent, I say again!\' repeated the Pigeon, but in a very long silence, broken only by an occasional exclamation of \'Hjckrrh!\' from the roof. There were doors all round her once more, while the Mouse had changed his mind, and was gone across to the croquet-ground. The other guests had taken his watch out of the court,\" and I could say if I must, I must,\' the King hastily said, and went down to the porpoise, \"Keep back, please: we don\'t want YOU with us!\"\'.', 1, 1, NULL, NULL, '2023-10-16 15:20:30', '2023-10-16 15:20:30');
INSERT INTO `types` VALUES (35, 12, 'SAF', 'Sed cumque odio tempora.', 'sed-cumque-odio-tempora', 'The Queen turned crimson with fury, and, after waiting till she was quite out of the house if it began ordering people about like that!\' By this time the Queen ordering off her unfortunate guests to execution--once more the pig-baby was sneezing on the trumpet, and called out \'The race is over!\' and they sat down, and felt quite strange at first; but she ran off as hard as she was trying to make herself useful, and looking at the Hatter, and here the conversation dropped, and the baby at her side. She was close behind it when she first saw the Mock Turtle, \'Drive on, old fellow! Don\'t be all day to such stuff? Be off, or I\'ll kick you down stairs!\' \'That is not said right,\' said the Lory. Alice replied in a moment like a Jack-in-the-box, and up the little door was shut again, and went back to the other birds tittered audibly. \'What I was going on within--a constant howling and sneezing, and every now and then; such as, that a red-hot poker will burn you if you please! \"William the Conqueror, whose cause was favoured by the soldiers, who of course had to stop and untwist it. After a minute or two she walked sadly down the middle, wondering how she would feel with all speed back to yesterday, because I was going on, as she passed; it was out of a good deal to ME,\' said the King. \'Shan\'t,\' said the King, looking round the thistle again; then the Mock Turtle went on just as usual. I wonder what was coming. It was so ordered about by mice and rabbits. I almost think I could, if I might venture to say which), and they walked off together, Alice heard it before,\' said the Gryphon. \'We can do no more, whatever happens. What WILL become of me?\' Luckily for Alice, the little door, had vanished completely. Very soon the Rabbit actually TOOK A WATCH OUT OF ITS WAISTCOAT-POCKET, and looked at her rather inquisitively, and seemed not to be ashamed of yourself for asking such a pleasant temper, and thought to herself. \'I dare say you\'re wondering why I don\'t believe it,\' said.', 1, 1, NULL, NULL, '2023-10-16 15:20:30', '2023-10-16 15:20:30');
INSERT INTO `types` VALUES (36, 30, 'RTH', 'In doloribus id omnis.', 'in-doloribus-id-omnis', 'I ever heard!\' \'Yes, I think I must be kind to them,\' thought Alice, \'or perhaps they won\'t walk the way YOU manage?\' Alice asked. \'We called him a fish)--and rapped loudly at the cook, to see if she was in a hurry. \'No, I\'ll look first,\' she said, as politely as she tucked it away under her arm, that it ought to have finished,\' said the Cat went on, very much at this, but at last turned sulky, and would only say, \'I am older than you, and listen to her, And mentioned me to introduce some other subject of conversation. While she was ever to get very tired of sitting by her sister on the spot.\' This did not dare to laugh; and, as they would go, and making quite a new kind of serpent, that\'s all I can find out the verses the White Rabbit returning, splendidly dressed, with a bound into the Dormouse\'s place, and Alice looked all round the thistle again; then the other, trying every door, she found a little timidly: \'but it\'s no use their putting their heads downward! The Antipathies, I think--\' (for, you see, so many out-of-the-way things had happened lately, that Alice had been would have appeared to them she heard a little nervous about it in less than a rat-hole: she knelt down and make out exactly what they WILL do next! If they had at the bottom of a sea of green leaves that lay far below her. \'What CAN all that stuff,\' the Mock Turtle, \'Drive on, old fellow! Don\'t be all day about it!\' Last came a little of the other birds tittered audibly. \'What I was going to begin with; and being so many out-of-the-way things had happened lately, that Alice had got its head impatiently, and said, \'That\'s right, Five! Always lay the blame on others!\' \'YOU\'D better not talk!\' said Five. \'I heard the Queen\'s hedgehog just now, only it ran away when it saw Alice. It looked good-natured, she thought: still it was looking up into the roof bear?--Mind that loose slate--Oh, it\'s coming down! Heads below!\' (a loud crash)--\'Now, who did that?--It was Bill, I fancy--Who\'s to go.', 1, 1, NULL, NULL, '2023-10-16 15:20:30', '2023-10-16 15:20:30');
INSERT INTO `types` VALUES (37, 15, 'BZV', 'Ea dolor debitis enim.', 'ea-dolor-debitis-enim', 'Alice coming. \'There\'s PLENTY of room!\' said Alice indignantly. \'Let me alone!\' \'Serpent, I say again!\' repeated the Pigeon, but in a low voice, \'Your Majesty must cross-examine the next witness would be very likely it can talk: at any rate, the Dormouse fell asleep instantly, and neither of the guinea-pigs cheered, and was going to give the hedgehog to, and, as a boon, Was kindly permitted to pocket the spoon: While the Panther were sharing a pie--\' [later editions continued as follows When the procession moved on, three of her hedgehog. The hedgehog was engaged in a game of croquet she was quite surprised to see what would be quite absurd for her to begin.\' For, you see, Miss, this here ought to have been ill.\' \'So they were,\' said the Lory, who at last in the prisoner\'s handwriting?\' asked another of the court. \'What do you know that cats COULD grin.\' \'They all can,\' said the Cat, as soon as look at the Caterpillar\'s making such VERY short remarks, and she jumped up in spite of all her fancy, that: they never executes nobody, you know. Please, Ma\'am, is this New Zealand or Australia?\' (and she tried another question. \'What sort of circle, (\'the exact shape doesn\'t matter,\' it said,) and then the Rabbit\'s voice; and Alice joined the procession, wondering very much at this, but at any rate he might answer questions.--How am I to get dry very soon. \'Ahem!\' said the Gryphon interrupted in a great hurry; \'and their names were Elsie, Lacie, and Tillie; and they went up to Alice, and she very soon finished it off. \'If everybody minded their own business,\' the Duchess said to herself, \'in my going out altogether, like a steam-engine when she was up to Alice, she went on: \'But why did they live at the window.\' \'THAT you won\'t\' thought Alice, \'shall I NEVER get any older than I am in the middle, wondering how she would gather about her any more questions about it, you know.\' \'Not at first, the two creatures, who had not noticed before, and he hurried off. Alice thought.', 1, 1, NULL, NULL, '2023-10-16 15:20:30', '2023-10-16 15:20:30');
INSERT INTO `types` VALUES (38, 19, 'NMH', 'Et enim unde labore.', 'et-enim-unde-labore', 'White Rabbit put on her lap as if it wasn\'t very civil of you to set about it; if I\'m Mabel, I\'ll stay down here till I\'m somebody else\"--but, oh dear!\' cried Alice, jumping up in a minute, nurse! But I\'ve got back to the Classics master, though. He was an old Turtle--we used to it in with a little shriek, and went on all the first question, you know.\' \'I DON\'T know,\' said Alice very meekly: \'I\'m growing.\' \'You\'ve no right to think,\' said Alice to herself. (Alice had no reason to be afraid of them!\' \'And who are THESE?\' said the Caterpillar angrily, rearing itself upright as it settled down in a great hurry to change them--\' when she next peeped out the Fish-Footman was gone, and the sound of many footsteps, and Alice heard the Queen\'s hedgehog just now, only it ran away when it saw Alice. It looked good-natured, she thought: still it was an old Crab took the thimble, looking as solemn as she listened, or seemed to be listening, so she felt that it might happen any minute, \'and then,\' thought she, \'what would become of it; and the Dormouse again, so violently, that she was out of the pack, she could do, lying down on her lap as if he wasn\'t one?\' Alice asked. The Hatter looked at it gloomily: then he dipped it into his cup of tea, and looked at them with the other: he came trotting along in a low trembling voice, \'Let us get to the Knave was standing before them, in chains, with a great hurry. An enormous puppy was looking up into a chrysalis--you will some day, you know--and then after that into a large caterpillar, that was sitting on the bank, and of having the sentence first!\' \'Hold your tongue, Ma!\' said the youth, \'as I mentioned before, And have grown most uncommonly fat; Yet you turned a back-somersault in at the end of the Gryphon, \'that they WOULD go with Edgar Atheling to meet William and offer him the crown. William\'s conduct at first she would gather about her other little children, and make THEIR eyes bright and eager with many a strange tale.', 1, 1, NULL, NULL, '2023-10-16 15:20:30', '2023-10-16 15:20:30');
INSERT INTO `types` VALUES (39, 3, 'YYB', 'Quo ut aut nobis sunt.', 'quo-ut-aut-nobis-sunt', 'Tortoise--\' \'Why did you begin?\' The Hatter looked at her for a few minutes she heard it say to itself \'Then I\'ll go round and look up in a voice outside, and stopped to listen. The Fish-Footman began by producing from under his arm a great hurry to change the subject. \'Go on with the Lory, who at last it sat down in a deep voice, \'What are tarts made of?\' \'Pepper, mostly,\' said the Mock Turtle. \'Seals, turtles, salmon, and so on.\' \'What a number of cucumber-frames there must be!\' thought Alice. \'I mean what I was going a journey, I should think you\'ll feel it a very long silence, broken only by an occasional exclamation of \'Hjckrrh!\' from the roof. There were doors all round the refreshments!\' But there seemed to be a footman in livery, with a little startled by seeing the Cheshire Cat sitting on the floor: in another minute there was no use speaking to it,\' she said to the beginning of the Shark, But, when the tide rises and sharks are around, His voice has a timid and tremulous sound.] \'That\'s different from what I say--that\'s the same as the rest of my own. I\'m a deal faster than it does.\' \'Which would NOT be an old Turtle--we used to it!\' pleaded poor Alice. \'But you\'re so easily offended, you know!\' The Mouse only growled in reply. \'That\'s right!\' shouted the Queen jumped up in her head, she tried the roots of trees, and I\'ve tried to speak, but for a moment to think about stopping herself before she found herself lying on their faces, and the others all joined in chorus, \'Yes, please do!\' pleaded Alice. \'And where HAVE my shoulders got to? And oh, I wish you wouldn\'t squeeze so.\' said the young Crab, a little feeble, squeaking voice, (\'That\'s Bill,\' thought Alice,) \'Well, I should think you can have no notion how long ago anything had happened.) So she called softly after it, and kept doubling itself up and picking the daisies, when suddenly a footman because he taught us,\' said the Hatter, \'you wouldn\'t talk about her pet: \'Dinah\'s our cat. And she\'s such.', 1, 1, NULL, NULL, '2023-10-16 15:20:30', '2023-10-16 15:20:30');
INSERT INTO `types` VALUES (40, 16, 'DGU', 'Aut et officia sed nam.', 'aut-et-officia-sed-nam', 'I don\'t remember where.\' \'Well, it must make me larger, it must be really offended. \'We won\'t talk about her pet: \'Dinah\'s our cat. And she\'s such a dear quiet thing,\' Alice went on, \'that they\'d let Dinah stop in the distance, and she set to partners--\' \'--change lobsters, and retire in same order,\' continued the Hatter, \'when the Queen was in managing her flamingo: she succeeded in curving it down into a small passage, not much surprised at this, she looked back once or twice, half hoping that they were mine before. If I or she should push the matter with it. There was a very decided tone: \'tell her something about the reason they\'re called lessons,\' the Gryphon went on, turning to the other arm curled round her at the mushroom (she had grown in the long hall, and wander about among those beds of bright flowers and the shrill voice of the mushroom, and her eyes to see if he thought it had been, it suddenly appeared again. \'By-the-bye, what became of the players to be executed for having missed their turns, and she hurried out of a treacle-well--eh, stupid?\' \'But they were lying on the twelfth?\' Alice went on muttering over the wig, (look at the great wonder is, that there\'s any one left alive!\' She was close behind it when she was beginning to end,\' said the Duchess. An invitation from the sky! Ugh, Serpent!\' \'But I\'m not particular as to size,\' Alice hastily replied; \'only one doesn\'t like changing so often, you know.\' \'And what are they doing?\' Alice whispered to the baby, and not to be a walrus or hippopotamus, but then she walked up towards it rather timidly, as she swam about, trying to explain the paper. \'If there\'s no use now,\' thought Alice, \'it\'ll never do to come before that!\' \'Call the next moment a shower of little pebbles came rattling in at the place of the same as they would die. \'The trial cannot proceed,\' said the Duchess; \'and most things twinkled after that--only the March Hare moved into the air. Even the Duchess to play croquet.\' The.', 1, 1, NULL, NULL, '2023-10-16 15:20:30', '2023-10-16 15:20:30');

-- ----------------------------
-- Table structure for units
-- ----------------------------
DROP TABLE IF EXISTS `units`;
CREATE TABLE `units`  (
  `id` bigint(0) UNSIGNED NOT NULL AUTO_INCREMENT,
  `short_name` varchar(50) CHARACTER SET utf8mb4 COLLATE utf8mb4_unicode_ci NOT NULL,
  `full_name` varchar(100) CHARACTER SET utf8mb4 COLLATE utf8mb4_unicode_ci NOT NULL,
  `symbol` varchar(5) CHARACTER SET utf8mb4 COLLATE utf8mb4_unicode_ci NOT NULL,
  `slug` varchar(1000) CHARACTER SET utf8mb4 COLLATE utf8mb4_unicode_ci NOT NULL,
  `created_by` bigint(0) UNSIGNED NULL DEFAULT NULL,
  `updated_by` bigint(0) UNSIGNED NULL DEFAULT NULL,
  `deleted_by` bigint(0) UNSIGNED NULL DEFAULT NULL,
  `created_at` timestamp(0) NULL DEFAULT NULL,
  `updated_at` timestamp(0) NULL DEFAULT NULL,
  `deleted_at` timestamp(0) NULL DEFAULT NULL,
  PRIMARY KEY (`id`) USING BTREE
) ENGINE = MyISAM AUTO_INCREMENT = 31 CHARACTER SET = utf8mb4 COLLATE = utf8mb4_unicode_ci ROW_FORMAT = Dynamic;

-- ----------------------------
-- Records of units
-- ----------------------------
INSERT INTO `units` VALUES (1, 'Quaerat.', 'Deserunt qui.', 'J   ', 'deserunt-qui', 1, 1, NULL, '2023-10-16 15:20:29', '2023-10-16 15:20:29', NULL);
INSERT INTO `units` VALUES (2, 'Et ut.', 'Sint quis.', 'i   ', 'sint-quis', 1, 1, NULL, '2023-10-16 15:20:29', '2023-10-16 15:20:29', NULL);
INSERT INTO `units` VALUES (3, 'Quia.', 'Veritatis.', 'T   ', 'veritatis', 1, 1, NULL, '2023-10-16 15:20:29', '2023-10-16 15:20:29', NULL);
INSERT INTO `units` VALUES (4, 'Nulla est.', 'Occaecati qui qui.', 't   ', 'occaecati-qui-qui', 1, 1, NULL, '2023-10-16 15:20:29', '2023-10-16 15:20:29', NULL);
INSERT INTO `units` VALUES (5, 'Deleniti.', 'Quae error beatae.', 'A   ', 'quae-error-beatae', 1, 1, NULL, '2023-10-16 15:20:29', '2023-10-16 15:20:29', NULL);
INSERT INTO `units` VALUES (6, 'Illum.', 'Facilis pariatur.', 'Z   ', 'facilis-pariatur', 1, 1, NULL, '2023-10-16 15:20:29', '2023-10-16 15:20:29', NULL);
INSERT INTO `units` VALUES (7, 'Odit ipsa.', 'Est similique.', 'Q   ', 'est-similique', 1, 1, NULL, '2023-10-16 15:20:29', '2023-10-16 15:20:29', NULL);
INSERT INTO `units` VALUES (8, 'Iste.', 'Ut magnam.', 'h   ', 'ut-magnam', 1, 1, NULL, '2023-10-16 15:20:29', '2023-10-16 15:20:29', NULL);
INSERT INTO `units` VALUES (9, 'Sit nihil.', 'Ullam perspiciatis.', 'o   ', 'ullam-perspiciatis', 1, 1, NULL, '2023-10-16 15:20:29', '2023-10-16 15:20:29', NULL);
INSERT INTO `units` VALUES (10, 'Quo.', 'Non est nesciunt.', 'b   ', 'non-est-nesciunt', 1, 1, NULL, '2023-10-16 15:20:29', '2023-10-16 15:20:29', NULL);
INSERT INTO `units` VALUES (11, 'In.', 'Minus commodi quia.', 'H   ', 'minus-commodi-quia', 1, 1, NULL, '2023-10-16 15:20:29', '2023-10-16 15:20:29', NULL);
INSERT INTO `units` VALUES (12, 'Sunt est.', 'Impedit beatae.', 'm   ', 'impedit-beatae', 1, 1, NULL, '2023-10-16 15:20:29', '2023-10-16 15:20:29', NULL);
INSERT INTO `units` VALUES (13, 'Dolore.', 'Sed id quo mollitia.', 'x   ', 'sed-id-quo-mollitia', 1, 1, NULL, '2023-10-16 15:20:29', '2023-10-16 15:20:29', NULL);
INSERT INTO `units` VALUES (14, 'Et.', 'Labore occaecati.', 'k   ', 'labore-occaecati', 1, 1, NULL, '2023-10-16 15:20:29', '2023-10-16 15:20:29', NULL);
INSERT INTO `units` VALUES (15, 'Labore.', 'Sit neque in.', 'W   ', 'sit-neque-in', 1, 1, NULL, '2023-10-16 15:20:29', '2023-10-16 15:20:29', NULL);
INSERT INTO `units` VALUES (16, 'Dolorum.', 'Quia illo iste.', 'r   ', 'quia-illo-iste', 1, 1, NULL, '2023-10-16 15:20:29', '2023-10-16 15:20:29', NULL);
INSERT INTO `units` VALUES (17, 'Sit animi.', 'In facere.', 'e   ', 'in-facere', 1, 1, NULL, '2023-10-16 15:20:29', '2023-10-16 15:20:29', NULL);
INSERT INTO `units` VALUES (18, 'Beatae.', 'Ut cum et quia ut.', 'w   ', 'ut-cum-et-quia-ut', 1, 1, NULL, '2023-10-16 15:20:29', '2023-10-16 15:20:29', NULL);
INSERT INTO `units` VALUES (19, 'Molestias.', 'Nihil sunt porro.', 'S   ', 'nihil-sunt-porro', 1, 1, NULL, '2023-10-16 15:20:30', '2023-10-16 15:20:30', NULL);
INSERT INTO `units` VALUES (20, 'Ratione.', 'Numquam perferendis.', 'V   ', 'numquam-perferendis', 1, 1, NULL, '2023-10-16 15:20:30', '2023-10-16 15:20:30', NULL);
INSERT INTO `units` VALUES (21, 'Nulla.', 'Optio nulla rem.', 'z   ', 'optio-nulla-rem', 1, 1, NULL, '2023-10-16 15:20:30', '2023-10-16 15:20:30', NULL);
INSERT INTO `units` VALUES (22, 'Et sit.', 'Animi dignissimos.', 'Y   ', 'animi-dignissimos', 1, 1, NULL, '2023-10-16 15:20:30', '2023-10-16 15:20:30', NULL);
INSERT INTO `units` VALUES (23, 'Id rerum.', 'Et fugit qui ipsam.', 'B   ', 'et-fugit-qui-ipsam', 1, 1, NULL, '2023-10-16 15:20:30', '2023-10-16 15:20:30', NULL);
INSERT INTO `units` VALUES (24, 'Quis.', 'Voluptatibus aut ut.', 'N   ', 'voluptatibus-aut-ut', 1, 1, NULL, '2023-10-16 15:20:30', '2023-10-16 15:20:30', NULL);
INSERT INTO `units` VALUES (25, 'Ea.', 'Aut est voluptates.', 'D   ', 'aut-est-voluptates', 1, 1, NULL, '2023-10-16 15:20:30', '2023-10-16 15:20:30', NULL);
INSERT INTO `units` VALUES (26, 'Dolorum.', 'Ab cumque ea sit.', 'f   ', 'ab-cumque-ea-sit', 1, 1, NULL, '2023-10-16 15:20:30', '2023-10-16 15:20:30', NULL);
INSERT INTO `units` VALUES (27, 'Est illum.', 'A eos provident.', 'P   ', 'a-eos-provident', 1, 1, NULL, '2023-10-16 15:20:30', '2023-10-16 15:20:30', NULL);
INSERT INTO `units` VALUES (28, 'Tempore.', 'Enim consequuntur.', 'q   ', 'enim-consequuntur', 1, 1, NULL, '2023-10-16 15:20:30', '2023-10-16 15:20:30', NULL);
INSERT INTO `units` VALUES (29, 'Sit.', 'Labore ut.', 'v   ', 'labore-ut', 1, 1, NULL, '2023-10-16 15:20:30', '2023-10-16 15:20:30', NULL);
INSERT INTO `units` VALUES (30, 'Quae.', 'Qui ut corrupti.', 'U   ', 'qui-ut-corrupti', 1, 1, NULL, '2023-10-16 15:20:30', '2023-10-16 15:20:30', NULL);

-- ----------------------------
-- Table structure for users
-- ----------------------------
DROP TABLE IF EXISTS `users`;
CREATE TABLE `users`  (
  `id` bigint(0) UNSIGNED NOT NULL AUTO_INCREMENT,
  `name` varchar(191) CHARACTER SET utf8mb4 COLLATE utf8mb4_unicode_ci NOT NULL,
  `email` varchar(191) CHARACTER SET utf8mb4 COLLATE utf8mb4_unicode_ci NOT NULL,
  `email_verified_at` timestamp(0) NULL DEFAULT NULL,
  `password` varchar(191) CHARACTER SET utf8mb4 COLLATE utf8mb4_unicode_ci NOT NULL,
  `remember_token` varchar(100) CHARACTER SET utf8mb4 COLLATE utf8mb4_unicode_ci NULL DEFAULT NULL,
  `created_at` timestamp(0) NULL DEFAULT NULL,
  `updated_at` timestamp(0) NULL DEFAULT NULL,
  `is_admin` tinyint(1) NOT NULL DEFAULT 0,
  PRIMARY KEY (`id`) USING BTREE,
  UNIQUE INDEX `users_email_unique`(`email`) USING BTREE
) ENGINE = MyISAM AUTO_INCREMENT = 2 CHARACTER SET = utf8mb4 COLLATE = utf8mb4_unicode_ci ROW_FORMAT = Dynamic;

-- ----------------------------
-- Records of users
-- ----------------------------
INSERT INTO `users` VALUES (1, 'Admin', 'admin@example.com', '2023-10-16 15:20:28', '$2y$10$SZcVRNrx/8QH3sQQVC1Vj.IO9FNr3UlPg7hA7KMxS0lZr2ObCr3eu', NULL, '2023-10-16 15:20:28', '2023-10-16 15:20:28', 1);

SET FOREIGN_KEY_CHECKS = 1;
